EQUIPE,NM,DN,PONTUAÇÃO,INDICADOR,COMPETENCIA SELECIONADA,TIPO EQUIPE,MUNICIPIO
EQUIPE ACAUA,49,66,"74,24",Mais Acesso,JAN/25,"eAP,eSF",Acauã
ESF - SEDE,224,270,"82,96",Mais Acesso,JAN/25,"eAP,eSF",Acauã
ESF - POSTO FISCAL DO SITIO,154,216,"71,30",Mais Acesso,JAN/25,"eAP,eSF",Acauã
ESF - ALTA VISTA,235,354,"66,38",Mais Acesso,JAN/25,"eAP,eSF",Acauã
PSF MANOEL N PEREIRA,72,402,"17,91",Mais Acesso,JAN/25,"eAP,eSF",Agricolândia
PSF PITOMBEIRA,12,553,"2,17",Mais Acesso,JAN/25,"eAP,eSF",Agricolândia
PSF MAE PEDA,98,1004,"9,76",Mais Acesso,JAN/25,"eAP,eSF",Agricolândia
PSF FRANCELINO BARBOSA LOPES,219,350,"62,57",Mais Acesso,JAN/25,"eAP,eSF",Água Branca
PSF MAE RAIMUNDA,245,323,"75,85",Mais Acesso,JAN/25,"eAP,eSF",Água Branca
PSF CHICO RAIMUNDO,552,644,"85,71",Mais Acesso,JAN/25,"eAP,eSF",Água Branca
PSF DONA BERNADETE BARBOSA,131,170,"77,06",Mais Acesso,JAN/25,"eAP,eSF",Água Branca
PSF ANTONIO C DE SIQUEIRA,488,759,"64,30",Mais Acesso,JAN/25,"eAP,eSF",Água Branca
EQUIPE ACAUA,3,223,"1,35",Mais Acesso,FEV/25,"eAP,eSF",Acauã
ESF - SEDE,2,260,"0,77",Mais Acesso,FEV/25,"eAP,eSF",Acauã
ESF - POSTO FISCAL DO SITIO,0,168,"0,00",Mais Acesso,FEV/25,"eAP,eSF",Acauã
ESF - ALTA VISTA,0,228,"0,00",Mais Acesso,FEV/25,"eAP,eSF",Acauã
PSF MANOEL N PEREIRA,0,31,"0,00",Mais Acesso,FEV/25,"eAP,eSF",Agricolândia
PSF PITOMBEIRA,13,37,"35,14",Mais Acesso,FEV/25,"eAP,eSF",Agricolândia
PSF MAE PEDA,26,166,"15,66",Mais Acesso,FEV/25,"eAP,eSF",Agricolândia
PSF FRANCELINO BARBOSA LOPES,63,453,"13,91",Mais Acesso,FEV/25,"eAP,eSF",Água Branca
PSF MAE RAIMUNDA,0,563,"0,00",Mais Acesso,FEV/25,"eAP,eSF",Água Branca
PSF CHICO RAIMUNDO,218,645,"33,80",Mais Acesso,FEV/25,"eAP,eSF",Água Branca
PSF DONA BERNADETE BARBOSA,1,277,"0,36",Mais Acesso,FEV/25,"eAP,eSF",Água Branca
PSF ANTONIO C DE SIQUEIRA,429,720,"59,58",Mais Acesso,FEV/25,"eAP,eSF",Água Branca
PSF MANOEL N PEREIRA,23,213,"10,80",Mais Acesso,MAR/25,"eAP,eSF",Agricolândia
PSF PITOMBEIRA,29,109,"26,61",Mais Acesso,MAR/25,"eAP,eSF",Agricolândia
PSF MAE PEDA,225,388,"57,99",Mais Acesso,MAR/25,"eAP,eSF",Agricolândia
EQUIPE ACAUA,1,103,"0,97",Mais Acesso,MAR/25,"eAP,eSF",Acauã
ESF - SEDE,3,358,"0,84",Mais Acesso,MAR/25,"eAP,eSF",Acauã
ESF - POSTO FISCAL DO SITIO,1,242,"0,41",Mais Acesso,MAR/25,"eAP,eSF",Acauã
ESF - ALTA VISTA,18,423,"4,26",Mais Acesso,MAR/25,"eAP,eSF",Acauã
PSF FRANCELINO BARBOSA LOPES,13,365,"3,56",Mais Acesso,MAR/25,"eAP,eSF",Água Branca
PSF MAE RAIMUNDA,0,505,"0,00",Mais Acesso,MAR/25,"eAP,eSF",Água Branca
PSF CHICO RAIMUNDO,265,588,"45,07",Mais Acesso,MAR/25,"eAP,eSF",Água Branca
PSF DONA BERNADETE BARBOSA,9,313,"2,88",Mais Acesso,MAR/25,"eAP,eSF",Água Branca
PSF ANTONIO C DE SIQUEIRA,482,690,"69,86",Mais Acesso,MAR/25,"eAP,eSF",Água Branca
EQUIPE ACAUA,0,74,"0,00",Mais Acesso,ABR/25,"eAP,eSF",Acauã
ESF - SEDE,8,260,"3,08",Mais Acesso,ABR/25,"eAP,eSF",Acauã
ESF - POSTO FISCAL DO SITIO,0,364,"0,00",Mais Acesso,ABR/25,"eAP,eSF",Acauã
ESF - ALTA VISTA,32,502,"6,37",Mais Acesso,ABR/25,"eAP,eSF",Acauã
PSF MANOEL N PEREIRA,44,256,"17,19",Mais Acesso,ABR/25,"eAP,eSF",Agricolândia
PSF PITOMBEIRA,33,116,"28,45",Mais Acesso,ABR/25,"eAP,eSF",Agricolândia
PSF MAE PEDA,49,333,"14,71",Mais Acesso,ABR/25,"eAP,eSF",Agricolândia
PSF FRANCELINO BARBOSA LOPES,6,449,"1,34",Mais Acesso,ABR/25,"eAP,eSF",Água Branca
PSF MAE RAIMUNDA,0,379,"0,00",Mais Acesso,ABR/25,"eAP,eSF",Água Branca
PSF CHICO RAIMUNDO,273,680,"40,15",Mais Acesso,ABR/25,"eAP,eSF",Água Branca
PSF DONA BERNADETE BARBOSA,11,249,"4,42",Mais Acesso,ABR/25,"eAP,eSF",Água Branca
PSF ANTONIO C DE SIQUEIRA,459,629,"72,97",Mais Acesso,ABR/25,"eAP,eSF",Água Branca
EQUIPE ACAUA,0,69,"0,00",Mais Acesso,MAI/25,"eAP,eSF",Acauã
ESF - SEDE,9,356,"2,53",Mais Acesso,MAI/25,"eAP,eSF",Acauã
ESF - POSTO FISCAL DO SITIO,0,338,"0,00",Mais Acesso,MAI/25,"eAP,eSF",Acauã
ESF - ALTA VISTA,11,393,"2,80",Mais Acesso,MAI/25,"eAP,eSF",Acauã
PSF MANOEL N PEREIRA,58,553,"10,49",Mais Acesso,MAI/25,"eAP,eSF",Agricolândia
PSF PITOMBEIRA,7,292,"2,40",Mais Acesso,MAI/25,"eAP,eSF",Agricolândia
PSF MAE PEDA,149,471,"31,63",Mais Acesso,MAI/25,"eAP,eSF",Agricolândia
PSF FRANCELINO BARBOSA LOPES,192,429,"44,76",Mais Acesso,MAI/25,"eAP,eSF",Água Branca
PSF MAE RAIMUNDA,0,520,"0,00",Mais Acesso,MAI/25,"eAP,eSF",Água Branca
PSF CHICO RAIMUNDO,277,779,"35,56",Mais Acesso,MAI/25,"eAP,eSF",Água Branca
PSF DONA BERNADETE BARBOSA,4,487,"0,82",Mais Acesso,MAI/25,"eAP,eSF",Água Branca
PSF ANTONIO C DE SIQUEIRA,431,562,"76,69",Mais Acesso,MAI/25,"eAP,eSF",Água Branca
EQUIPE ACAUA,0,37,"0,00",Mais Acesso,JUN/25,"eAP,eSF",Acauã
ESF - SEDE,17,468,"3,63",Mais Acesso,JUN/25,"eAP,eSF",Acauã
ESF - POSTO FISCAL DO SITIO,1,287,"0,35",Mais Acesso,JUN/25,"eAP,eSF",Acauã
ESF - ALTA VISTA,4,374,"1,07",Mais Acesso,JUN/25,"eAP,eSF",Acauã
PSF MANOEL N PEREIRA,52,416,"12,50",Mais Acesso,JUN/25,"eAP,eSF",Agricolândia
PSF PITOMBEIRA,5,186,"2,69",Mais Acesso,JUN/25,"eAP,eSF",Agricolândia
PSF MAE PEDA,193,408,"47,30",Mais Acesso,JUN/25,"eAP,eSF",Agricolândia
PSF FRANCELINO BARBOSA LOPES,95,391,"24,30",Mais Acesso,JUN/25,"eAP,eSF",Água Branca
PSF MAE RAIMUNDA,47,616,"7,63",Mais Acesso,JUN/25,"eAP,eSF",Água Branca
PSF CHICO RAIMUNDO,268,651,"41,17",Mais Acesso,JUN/25,"eAP,eSF",Água Branca
PSF DONA BERNADETE BARBOSA,0,540,"0,00",Mais Acesso,JUN/25,"eAP,eSF",Água Branca
PSF ANTONIO C DE SIQUEIRA,486,665,"73,08",Mais Acesso,JUN/25,"eAP,eSF",Água Branca
EQUIPE ACAUA,6,61,"9,84",Mais Acesso,JUL/25,"eAP,eSF",Acauã
ESF - SEDE,12,315,"3,81",Mais Acesso,JUL/25,"eAP,eSF",Acauã
ESF - POSTO FISCAL DO SITIO,10,269,"3,72",Mais Acesso,JUL/25,"eAP,eSF",Acauã
ESF - ALTA VISTA,66,471,"14,01",Mais Acesso,JUL/25,"eAP,eSF",Acauã
PSF FRANCELINO BARBOSA LOPES,130,398,"32,66",Mais Acesso,JUL/25,"eAP,eSF",Água Branca
PSF MAE RAIMUNDA,86,483,"17,81",Mais Acesso,JUL/25,"eAP,eSF",Água Branca
PSF CHICO RAIMUNDO,313,549,"57,01",Mais Acesso,JUL/25,"eAP,eSF",Água Branca
PSF DONA BERNADETE BARBOSA,1,260,"0,38",Mais Acesso,JUL/25,"eAP,eSF",Água Branca
PSF ANTONIO C DE SIQUEIRA,449,607,"73,97",Mais Acesso,JUL/25,"eAP,eSF",Água Branca
PSF MANOEL N PEREIRA,192,349,"55,01",Mais Acesso,JUL/25,"eAP,eSF",Agricolândia
PSF PITOMBEIRA,18,177,"10,17",Mais Acesso,JUL/25,"eAP,eSF",Agricolândia
PSF MAE PEDA,211,512,"41,21",Mais Acesso,JUL/25,"eAP,eSF",Agricolândia
EQUIPE ACAUA,47,190,"24,74",Mais Acesso,AGO/25,"eAP,eSF",Acauã
ESF - SEDE,26,455,"5,71",Mais Acesso,AGO/25,"eAP,eSF",Acauã
ESF - POSTO FISCAL DO SITIO,79,257,"30,74",Mais Acesso,AGO/25,"eAP,eSF",Acauã
ESF - ALTA VISTA,44,410,"10,73",Mais Acesso,AGO/25,"eAP,eSF",Acauã
PSF MANOEL N PEREIRA,186,553,"33,63",Mais Acesso,AGO/25,"eAP,eSF",Agricolândia
PSF PITOMBEIRA,45,309,"14,56",Mais Acesso,AGO/25,"eAP,eSF",Agricolândia
PSF MAE PEDA,105,447,"23,49",Mais Acesso,AGO/25,"eAP,eSF",Agricolândia
PSF FRANCELINO BARBOSA LOPES,194,612,"31,70",Mais Acesso,AGO/25,"eAP,eSF",Água Branca
PSF MAE RAIMUNDA,235,604,"38,91",Mais Acesso,AGO/25,"eAP,eSF",Água Branca
PSF CHICO RAIMUNDO,682,772,"88,34",Mais Acesso,AGO/25,"eAP,eSF",Água Branca
PSF DONA BERNADETE BARBOSA,1,445,"0,22",Mais Acesso,AGO/25,"eAP,eSF",Água Branca
PSF ANTONIO C DE SIQUEIRA,570,715,"79,72",Mais Acesso,AGO/25,"eAP,eSF",Água Branca
EQUIPE ACAUA,48,100,"48,00",Mais Acesso,SET/25,"eAP,eSF",Acauã
ESF - SEDE,60,487,"12,32",Mais Acesso,SET/25,"eAP,eSF",Acauã
ESF - POSTO FISCAL DO SITIO,20,323,"6,19",Mais Acesso,SET/25,"eAP,eSF",Acauã
ESF - ALTA VISTA,29,390,"7,44",Mais Acesso,SET/25,"eAP,eSF",Acauã
PSF MANOEL N PEREIRA,200,757,"26,42",Mais Acesso,SET/25,"eAP,eSF",Agricolândia
PSF PITOMBEIRA,60,380,"15,79",Mais Acesso,SET/25,"eAP,eSF",Agricolândia
PSF MAE PEDA,58,364,"15,93",Mais Acesso,SET/25,"eAP,eSF",Agricolândia
PSF FRANCELINO BARBOSA LOPES,165,545,"30,28",Mais Acesso,SET/25,"eAP,eSF",Água Branca
PSF MAE RAIMUNDA,263,587,"44,80",Mais Acesso,SET/25,"eAP,eSF",Água Branca
PSF CHICO RAIMUNDO,617,661,"93,34",Mais Acesso,SET/25,"eAP,eSF",Água Branca
PSF DONA BERNADETE BARBOSA,21,487,"4,31",Mais Acesso,SET/25,"eAP,eSF",Água Branca
PSF ANTONIO C DE SIQUEIRA,487,637,"76,45",Mais Acesso,SET/25,"eAP,eSF",Água Branca
EQUIPE ACAUA,142,169,"84,02",Mais Acesso,OUT/25,"eAP,eSF",Acauã
ESF - SEDE,212,295,"71,86",Mais Acesso,OUT/25,"eAP,eSF",Acauã
ESF - POSTO FISCAL DO SITIO,143,334,"42,81",Mais Acesso,OUT/25,"eAP,eSF",Acauã
ESF - ALTA VISTA,232,375,"61,87",Mais Acesso,OUT/25,"eAP,eSF",Acauã
PSF MANOEL N PEREIRA,150,420,"35,71",Mais Acesso,OUT/25,"eAP,eSF",Agricolândia
PSF PITOMBEIRA,15,340,"4,41",Mais Acesso,OUT/25,"eAP,eSF",Agricolândia
PSF MAE PEDA,293,526,"55,70",Mais Acesso,OUT/25,"eAP,eSF",Agricolândia
PSF FRANCELINO BARBOSA LOPES,194,579,"33,51",Mais Acesso,OUT/25,"eAP,eSF",Água Branca
PSF MAE RAIMUNDA,260,599,"43,41",Mais Acesso,OUT/25,"eAP,eSF",Água Branca
PSF CHICO RAIMUNDO,525,946,"55,50",Mais Acesso,OUT/25,"eAP,eSF",Água Branca
PSF DONA BERNADETE BARBOSA,112,576,"19,44",Mais Acesso,OUT/25,"eAP,eSF",Água Branca
PSF ANTONIO C DE SIQUEIRA,547,1143,"47,86",Mais Acesso,OUT/25,"eAP,eSF",Água Branca
EQUIPE ACAUA,118,126,"93,65",Mais Acesso,NOV/25,"eAP,eSF",Acauã
ESF - SEDE,433,536,"80,78",Mais Acesso,NOV/25,"eAP,eSF",Acauã
ESF - POSTO FISCAL DO SITIO,150,227,"66,08",Mais Acesso,NOV/25,"eAP,eSF",Acauã
ESF - ALTA VISTA,297,342,"86,84",Mais Acesso,NOV/25,"eAP,eSF",Acauã
PSF MANOEL N PEREIRA,70,313,"22,36",Mais Acesso,NOV/25,"eAP,eSF",Agricolândia
PSF PITOMBEIRA,28,372,"7,53",Mais Acesso,NOV/25,"eAP,eSF",Agricolândia
PSF MAE PEDA,206,423,"48,70",Mais Acesso,NOV/25,"eAP,eSF",Agricolândia
PSF FRANCELINO BARBOSA LOPES,149,636,"23,43",Mais Acesso,NOV/25,"eAP,eSF",Água Branca
PSF MAE RAIMUNDA,415,652,"63,65",Mais Acesso,NOV/25,"eAP,eSF",Água Branca
PSF CHICO RAIMUNDO,447,825,"54,18",Mais Acesso,NOV/25,"eAP,eSF",Água Branca
PSF DONA BERNADETE BARBOSA,528,1127,"46,85",Mais Acesso,NOV/25,"eAP,eSF",Água Branca
PSF ANTONIO C DE SIQUEIRA,448,1091,"41,06",Mais Acesso,NOV/25,"eAP,eSF",Água Branca
EQUIPE ACAUA,129,141,"91,49",Mais Acesso,DEZ/25,"eAP,eSF",Acauã
ESF - SEDE,376,455,"82,64",Mais Acesso,DEZ/25,"eAP,eSF",Acauã
ESF - POSTO FISCAL DO SITIO,240,305,"78,69",Mais Acesso,DEZ/25,"eAP,eSF",Acauã
ESF - ALTA VISTA,196,288,"68,06",Mais Acesso,DEZ/25,"eAP,eSF",Acauã
PSF MANOEL N PEREIRA,155,500,"31,00",Mais Acesso,DEZ/25,"eAP,eSF",Agricolândia
PSF PITOMBEIRA,48,432,"11,11",Mais Acesso,DEZ/25,"eAP,eSF",Agricolândia
PSF MAE PEDA,277,706,"39,24",Mais Acesso,DEZ/25,"eAP,eSF",Agricolândia
PSF FRANCELINO BARBOSA LOPES,234,492,"47,56",Mais Acesso,DEZ/25,"eAP,eSF",Água Branca
PSF MAE RAIMUNDA,569,867,"65,63",Mais Acesso,DEZ/25,"eAP,eSF",Água Branca
PSF CHICO RAIMUNDO,388,885,"43,84",Mais Acesso,DEZ/25,"eAP,eSF",Água Branca
PSF DONA BERNADETE BARBOSA,486,568,"85,56",Mais Acesso,DEZ/25,"eAP,eSF",Água Branca
PSF ANTONIO C DE SIQUEIRA,507,999,"50,75",Mais Acesso,DEZ/25,"eAP,eSF",Água Branca
EQUIPE ACAUA,24,20,21,Desenvolvimento Infantil,JAN/25,"eAP,eSF",Acauã
ESF - SEDE,32,18,9,Desenvolvimento Infantil,JAN/25,"eAP,eSF",Acauã
ESF - POSTO FISCAL DO SITIO,13,11,14,Desenvolvimento Infantil,JAN/25,"eAP,eSF",Acauã
ESF - ALTA VISTA,12,1,7,Desenvolvimento Infantil,JAN/25,"eAP,eSF",Acauã
PSF MANOEL N PEREIRA,9,11,11,Desenvolvimento Infantil,JAN/25,"eAP,eSF",Agricolândia
PSF PITOMBEIRA,11,12,13,Desenvolvimento Infantil,JAN/25,"eAP,eSF",Agricolândia
PSF MAE PEDA,8,9,11,Desenvolvimento Infantil,JAN/25,"eAP,eSF",Agricolândia
PSF FRANCELINO BARBOSA LOPES,14,6,1,Desenvolvimento Infantil,JAN/25,"eAP,eSF",Água Branca
PSF MAE RAIMUNDA,5,4,4,Desenvolvimento Infantil,JAN/25,"eAP,eSF",Água Branca
PSF CHICO RAIMUNDO,4,2,0,Desenvolvimento Infantil,JAN/25,"eAP,eSF",Água Branca
PSF DONA BERNADETE BARBOSA,5,4,3,Desenvolvimento Infantil,JAN/25,"eAP,eSF",Água Branca
PSF ANTONIO C DE SIQUEIRA,3,7,4,Desenvolvimento Infantil,JAN/25,"eAP,eSF",Água Branca
EQUIPE ACAUA,0,0,0,Desenvolvimento Infantil,FEV/25,"eAP,eSF",Acauã
ESF - SEDE,21,15,10,Desenvolvimento Infantil,FEV/25,"eAP,eSF",Acauã
ESF - POSTO FISCAL DO SITIO,9,8,9,Desenvolvimento Infantil,FEV/25,"eAP,eSF",Acauã
ESF - ALTA VISTA,8,19,16,Desenvolvimento Infantil,FEV/25,"eAP,eSF",Acauã
PSF MANOEL N PEREIRA,3,14,12,Desenvolvimento Infantil,FEV/25,"eAP,eSF",Agricolândia
PSF PITOMBEIRA,5,9,9,Desenvolvimento Infantil,FEV/25,"eAP,eSF",Agricolândia
PSF MAE PEDA,7,4,2,Desenvolvimento Infantil,FEV/25,"eAP,eSF",Agricolândia
PSF FRANCELINO BARBOSA LOPES,1,1,0,Desenvolvimento Infantil,FEV/25,"eAP,eSF",Água Branca
PSF MAE RAIMUNDA,2,4,1,Desenvolvimento Infantil,FEV/25,"eAP,eSF",Água Branca
PSF CHICO RAIMUNDO,3,1,1,Desenvolvimento Infantil,FEV/25,"eAP,eSF",Água Branca
PSF DONA BERNADETE BARBOSA,2,0,0,Desenvolvimento Infantil,FEV/25,"eAP,eSF",Água Branca
PSF ANTONIO C DE SIQUEIRA,4,7,6,Desenvolvimento Infantil,FEV/25,"eAP,eSF",Água Branca
EQUIPE ACAUA,0,0,0,Desenvolvimento Infantil,MAR/25,"eAP,eSF",Acauã
ESF - SEDE,23,15,9,Desenvolvimento Infantil,MAR/25,"eAP,eSF",Acauã
ESF - POSTO FISCAL DO SITIO,10,8,9,Desenvolvimento Infantil,MAR/25,"eAP,eSF",Acauã
ESF - ALTA VISTA,8,19,17,Desenvolvimento Infantil,MAR/25,"eAP,eSF",Acauã
PSF MANOEL N PEREIRA,3,14,12,Desenvolvimento Infantil,MAR/25,"eAP,eSF",Agricolândia
PSF PITOMBEIRA,4,7,7,Desenvolvimento Infantil,MAR/25,"eAP,eSF",Agricolândia
PSF MAE PEDA,7,4,3,Desenvolvimento Infantil,MAR/25,"eAP,eSF",Agricolândia
PSF FRANCELINO BARBOSA LOPES,1,1,0,Desenvolvimento Infantil,MAR/25,"eAP,eSF",Água Branca
PSF MAE RAIMUNDA,2,4,2,Desenvolvimento Infantil,MAR/25,"eAP,eSF",Água Branca
PSF CHICO RAIMUNDO,2,0,0,Desenvolvimento Infantil,MAR/25,"eAP,eSF",Água Branca
PSF DONA BERNADETE BARBOSA,1,1,0,Desenvolvimento Infantil,MAR/25,"eAP,eSF",Água Branca
PSF ANTONIO C DE SIQUEIRA,5,8,7,Desenvolvimento Infantil,MAR/25,"eAP,eSF",Água Branca
EQUIPE ACAUA,9,8,6,Desenvolvimento Infantil,ABR/25,"eAP,eSF",Acauã
ESF - SEDE,18,15,4,Desenvolvimento Infantil,ABR/25,"eAP,eSF",Acauã
ESF - POSTO FISCAL DO SITIO,10,8,12,Desenvolvimento Infantil,ABR/25,"eAP,eSF",Acauã
ESF - ALTA VISTA,5,10,12,Desenvolvimento Infantil,ABR/25,"eAP,eSF",Acauã
PSF MANOEL N PEREIRA,3,13,13,Desenvolvimento Infantil,ABR/25,"eAP,eSF",Agricolândia
PSF PITOMBEIRA,4,7,8,Desenvolvimento Infantil,ABR/25,"eAP,eSF",Agricolândia
PSF MAE PEDA,7,4,3,Desenvolvimento Infantil,ABR/25,"eAP,eSF",Agricolândia
PSF FRANCELINO BARBOSA LOPES,1,2,0,Desenvolvimento Infantil,ABR/25,"eAP,eSF",Água Branca
PSF MAE RAIMUNDA,2,5,2,Desenvolvimento Infantil,ABR/25,"eAP,eSF",Água Branca
PSF CHICO RAIMUNDO,3,0,0,Desenvolvimento Infantil,ABR/25,"eAP,eSF",Água Branca
PSF DONA BERNADETE BARBOSA,2,1,0,Desenvolvimento Infantil,ABR/25,"eAP,eSF",Água Branca
PSF ANTONIO C DE SIQUEIRA,6,8,6,Desenvolvimento Infantil,ABR/25,"eAP,eSF",Água Branca
EQUIPE ACAUA,10,12,10,Desenvolvimento Infantil,MAI/25,"eAP,eSF",Acauã
ESF - SEDE,18,15,4,Desenvolvimento Infantil,MAI/25,"eAP,eSF",Acauã
ESF - POSTO FISCAL DO SITIO,10,12,12,Desenvolvimento Infantil,MAI/25,"eAP,eSF",Acauã
ESF - ALTA VISTA,7,9,12,Desenvolvimento Infantil,MAI/25,"eAP,eSF",Acauã
PSF MANOEL N PEREIRA,3,13,14,Desenvolvimento Infantil,MAI/25,"eAP,eSF",Agricolândia
PSF PITOMBEIRA,4,7,8,Desenvolvimento Infantil,MAI/25,"eAP,eSF",Agricolândia
PSF MAE PEDA,7,2,1,Desenvolvimento Infantil,MAI/25,"eAP,eSF",Agricolândia
PSF FRANCELINO BARBOSA LOPES,1,1,0,Desenvolvimento Infantil,MAI/25,"eAP,eSF",Água Branca
PSF MAE RAIMUNDA,2,1,0,Desenvolvimento Infantil,MAI/25,"eAP,eSF",Água Branca
PSF CHICO RAIMUNDO,3,0,0,Desenvolvimento Infantil,MAI/25,"eAP,eSF",Água Branca
PSF DONA BERNADETE BARBOSA,2,1,0,Desenvolvimento Infantil,MAI/25,"eAP,eSF",Água Branca
PSF ANTONIO C DE SIQUEIRA,6,7,5,Desenvolvimento Infantil,MAI/25,"eAP,eSF",Água Branca
EQUIPE ACAUA,12,14,10,Desenvolvimento Infantil,JUN/25,"eAP,eSF",Acauã
ESF - SEDE,20,18,6,Desenvolvimento Infantil,JUN/25,"eAP,eSF",Acauã
ESF - POSTO FISCAL DO SITIO,10,10,11,Desenvolvimento Infantil,JUN/25,"eAP,eSF",Acauã
ESF - ALTA VISTA,8,8,11,Desenvolvimento Infantil,JUN/25,"eAP,eSF",Acauã
PSF MANOEL N PEREIRA,4,14,14,Desenvolvimento Infantil,JUN/25,"eAP,eSF",Agricolândia
PSF PITOMBEIRA,4,8,9,Desenvolvimento Infantil,JUN/25,"eAP,eSF",Agricolândia
PSF MAE PEDA,7,2,2,Desenvolvimento Infantil,JUN/25,"eAP,eSF",Agricolândia
PSF FRANCELINO BARBOSA LOPES,2,1,0,Desenvolvimento Infantil,JUN/25,"eAP,eSF",Água Branca
PSF MAE RAIMUNDA,2,2,0,Desenvolvimento Infantil,JUN/25,"eAP,eSF",Água Branca
PSF CHICO RAIMUNDO,3,0,0,Desenvolvimento Infantil,JUN/25,"eAP,eSF",Água Branca
PSF DONA BERNADETE BARBOSA,2,2,0,Desenvolvimento Infantil,JUN/25,"eAP,eSF",Água Branca
PSF ANTONIO C DE SIQUEIRA,6,8,7,Desenvolvimento Infantil,JUN/25,"eAP,eSF",Água Branca
EQUIPE ACAUA,13,15,10,Desenvolvimento Infantil,JUL/25,"eAP,eSF",Acauã
ESF - SEDE,22,17,6,Desenvolvimento Infantil,JUL/25,"eAP,eSF",Acauã
ESF - POSTO FISCAL DO SITIO,9,10,11,Desenvolvimento Infantil,JUL/25,"eAP,eSF",Acauã
ESF - ALTA VISTA,9,6,9,Desenvolvimento Infantil,JUL/25,"eAP,eSF",Acauã
PSF MANOEL N PEREIRA,4,13,14,Desenvolvimento Infantil,JUL/25,"eAP,eSF",Agricolândia
PSF PITOMBEIRA,5,7,8,Desenvolvimento Infantil,JUL/25,"eAP,eSF",Agricolândia
PSF MAE PEDA,9,2,4,Desenvolvimento Infantil,JUL/25,"eAP,eSF",Agricolândia
PSF FRANCELINO BARBOSA LOPES,2,1,0,Desenvolvimento Infantil,JUL/25,"eAP,eSF",Água Branca
PSF MAE RAIMUNDA,1,3,1,Desenvolvimento Infantil,JUL/25,"eAP,eSF",Água Branca
PSF CHICO RAIMUNDO,3,0,0,Desenvolvimento Infantil,JUL/25,"eAP,eSF",Água Branca
PSF DONA BERNADETE BARBOSA,2,2,0,Desenvolvimento Infantil,JUL/25,"eAP,eSF",Água Branca
PSF ANTONIO C DE SIQUEIRA,4,7,6,Desenvolvimento Infantil,JUL/25,"eAP,eSF",Água Branca
EQUIPE ACAUA,17,15,11,Desenvolvimento Infantil,AGO/25,"eAP,eSF",Acauã
ESF - SEDE,24,17,8,Desenvolvimento Infantil,AGO/25,"eAP,eSF",Acauã
ESF - POSTO FISCAL DO SITIO,9,11,13,Desenvolvimento Infantil,AGO/25,"eAP,eSF",Acauã
ESF - ALTA VISTA,10,5,8,Desenvolvimento Infantil,AGO/25,"eAP,eSF",Acauã
PSF MANOEL N PEREIRA,6,13,14,Desenvolvimento Infantil,AGO/25,"eAP,eSF",Agricolândia
PSF PITOMBEIRA,7,6,7,Desenvolvimento Infantil,AGO/25,"eAP,eSF",Agricolândia
PSF MAE PEDA,8,1,2,Desenvolvimento Infantil,AGO/25,"eAP,eSF",Agricolândia
PSF FRANCELINO BARBOSA LOPES,2,5,0,Desenvolvimento Infantil,AGO/25,"eAP,eSF",Água Branca
PSF MAE RAIMUNDA,1,4,2,Desenvolvimento Infantil,AGO/25,"eAP,eSF",Água Branca
PSF CHICO RAIMUNDO,3,1,0,Desenvolvimento Infantil,AGO/25,"eAP,eSF",Água Branca
PSF DONA BERNADETE BARBOSA,2,1,0,Desenvolvimento Infantil,AGO/25,"eAP,eSF",Água Branca
PSF ANTONIO C DE SIQUEIRA,4,7,7,Desenvolvimento Infantil,AGO/25,"eAP,eSF",Água Branca
EQUIPE ACAUA,16,16,12,Desenvolvimento Infantil,SET/25,"eAP,eSF",Acauã
ESF - SEDE,22,16,7,Desenvolvimento Infantil,SET/25,"eAP,eSF",Acauã
ESF - POSTO FISCAL DO SITIO,10,11,12,Desenvolvimento Infantil,SET/25,"eAP,eSF",Acauã
ESF - ALTA VISTA,12,6,8,Desenvolvimento Infantil,SET/25,"eAP,eSF",Acauã
PSF MANOEL N PEREIRA,6,14,13,Desenvolvimento Infantil,SET/25,"eAP,eSF",Agricolândia
PSF PITOMBEIRA,8,7,6,Desenvolvimento Infantil,SET/25,"eAP,eSF",Agricolândia
PSF MAE PEDA,7,1,1,Desenvolvimento Infantil,SET/25,"eAP,eSF",Agricolândia
PSF FRANCELINO BARBOSA LOPES,2,5,1,Desenvolvimento Infantil,SET/25,"eAP,eSF",Água Branca
PSF MAE RAIMUNDA,2,3,1,Desenvolvimento Infantil,SET/25,"eAP,eSF",Água Branca
PSF CHICO RAIMUNDO,3,1,0,Desenvolvimento Infantil,SET/25,"eAP,eSF",Água Branca
PSF DONA BERNADETE BARBOSA,2,0,0,Desenvolvimento Infantil,SET/25,"eAP,eSF",Água Branca
PSF ANTONIO C DE SIQUEIRA,3,8,7,Desenvolvimento Infantil,SET/25,"eAP,eSF",Água Branca
EQUIPE ACAUA,19,17,15,Desenvolvimento Infantil,OUT/25,"eAP,eSF",Acauã
ESF - SEDE,26,16,8,Desenvolvimento Infantil,OUT/25,"eAP,eSF",Acauã
ESF - POSTO FISCAL DO SITIO,12,12,15,Desenvolvimento Infantil,OUT/25,"eAP,eSF",Acauã
ESF - ALTA VISTA,14,5,9,Desenvolvimento Infantil,OUT/25,"eAP,eSF",Acauã
PSF MANOEL N PEREIRA,7,13,11,Desenvolvimento Infantil,OUT/25,"eAP,eSF",Agricolândia
PSF PITOMBEIRA,8,8,8,Desenvolvimento Infantil,OUT/25,"eAP,eSF",Agricolândia
PSF MAE PEDA,6,2,2,Desenvolvimento Infantil,OUT/25,"eAP,eSF",Agricolândia
PSF FRANCELINO BARBOSA LOPES,5,4,0,Desenvolvimento Infantil,OUT/25,"eAP,eSF",Água Branca
PSF MAE RAIMUNDA,2,3,3,Desenvolvimento Infantil,OUT/25,"eAP,eSF",Água Branca
PSF CHICO RAIMUNDO,3,1,0,Desenvolvimento Infantil,OUT/25,"eAP,eSF",Água Branca
PSF DONA BERNADETE BARBOSA,4,2,1,Desenvolvimento Infantil,OUT/25,"eAP,eSF",Água Branca
PSF ANTONIO C DE SIQUEIRA,2,8,7,Desenvolvimento Infantil,OUT/25,"eAP,eSF",Água Branca
EQUIPE ACAUA,19,18,17,Desenvolvimento Infantil,NOV/25,"eAP,eSF",Acauã
ESF - SEDE,29,16,8,Desenvolvimento Infantil,NOV/25,"eAP,eSF",Acauã
ESF - POSTO FISCAL DO SITIO,13,12,15,Desenvolvimento Infantil,NOV/25,"eAP,eSF",Acauã
ESF - ALTA VISTA,14,3,8,Desenvolvimento Infantil,NOV/25,"eAP,eSF",Acauã
PSF MANOEL N PEREIRA,8,11,13,Desenvolvimento Infantil,NOV/25,"eAP,eSF",Agricolândia
PSF PITOMBEIRA,9,9,9,Desenvolvimento Infantil,NOV/25,"eAP,eSF",Agricolândia
PSF MAE PEDA,6,6,5,Desenvolvimento Infantil,NOV/25,"eAP,eSF",Agricolândia
PSF FRANCELINO BARBOSA LOPES,13,5,1,Desenvolvimento Infantil,NOV/25,"eAP,eSF",Água Branca
PSF MAE RAIMUNDA,4,3,3,Desenvolvimento Infantil,NOV/25,"eAP,eSF",Água Branca
PSF CHICO RAIMUNDO,3,1,0,Desenvolvimento Infantil,NOV/25,"eAP,eSF",Água Branca
PSF DONA BERNADETE BARBOSA,4,3,1,Desenvolvimento Infantil,NOV/25,"eAP,eSF",Água Branca
PSF ANTONIO C DE SIQUEIRA,3,11,10,Desenvolvimento Infantil,NOV/25,"eAP,eSF",Água Branca
EQUIPE ACAUA,22,18,19,Desenvolvimento Infantil,DEZ/25,"eAP,eSF",Acauã
ESF - SEDE,32,17,10,Desenvolvimento Infantil,DEZ/25,"eAP,eSF",Acauã
ESF - POSTO FISCAL DO SITIO,14,10,14,Desenvolvimento Infantil,DEZ/25,"eAP,eSF",Acauã
ESF - ALTA VISTA,13,2,8,Desenvolvimento Infantil,DEZ/25,"eAP,eSF",Acauã
PSF FRANCELINO BARBOSA LOPES,13,6,1,Desenvolvimento Infantil,DEZ/25,"eAP,eSF",Água Branca
PSF MAE RAIMUNDA,4,3,3,Desenvolvimento Infantil,DEZ/25,"eAP,eSF",Água Branca
PSF CHICO RAIMUNDO,3,2,0,Desenvolvimento Infantil,DEZ/25,"eAP,eSF",Água Branca
PSF DONA BERNADETE BARBOSA,5,4,3,Desenvolvimento Infantil,DEZ/25,"eAP,eSF",Água Branca
PSF ANTONIO C DE SIQUEIRA,4,12,8,Desenvolvimento Infantil,DEZ/25,"eAP,eSF",Água Branca
PSF MANOEL N PEREIRA,9,11,11,Desenvolvimento Infantil,DEZ/25,"eAP,eSF",Agricolândia
PSF PITOMBEIRA,11,11,12,Desenvolvimento Infantil,DEZ/25,"eAP,eSF",Agricolândia
PSF MAE PEDA,6,8,10,Desenvolvimento Infantil,DEZ/25,"eAP,eSF",Agricolândia
EQUIPE ACAUA,14,9,9,Gestação e Puerpério,JAN/25,"eAP,eSF",Acauã
ESF - SEDE,26,15,16,Gestação e Puerpério,JAN/25,"eAP,eSF",Acauã
ESF - POSTO FISCAL DO SITIO,16,7,8,Gestação e Puerpério,JAN/25,"eAP,eSF",Acauã
ESF - ALTA VISTA,18,4,10,Gestação e Puerpério,JAN/25,"eAP,eSF",Acauã
PSF FRANCELINO BARBOSA LOPES,14,9,9,Gestação e Puerpério,JAN/25,"eAP,eSF",Água Branca
PSF MAE RAIMUNDA,12,2,3,Gestação e Puerpério,JAN/25,"eAP,eSF",Água Branca
PSF CHICO RAIMUNDO,11,4,5,Gestação e Puerpério,JAN/25,"eAP,eSF",Água Branca
PSF DONA BERNADETE BARBOSA,25,19,15,Gestação e Puerpério,JAN/25,"eAP,eSF",Água Branca
PSF ANTONIO C DE SIQUEIRA,22,11,12,Gestação e Puerpério,JAN/25,"eAP,eSF",Água Branca
PSF MANOEL N PEREIRA,9,4,6,Gestação e Puerpério,JAN/25,"eAP,eSF",Agricolândia
PSF PITOMBEIRA,3,2,3,Gestação e Puerpério,JAN/25,"eAP,eSF",Agricolândia
PSF MAE PEDA,17,4,9,Gestação e Puerpério,JAN/25,"eAP,eSF",Agricolândia
EQUIPE ACAUA,0,0,0,Gestação e Puerpério,FEV/25,"eAP,eSF",Acauã
ESF - SEDE,35,14,18,Gestação e Puerpério,FEV/25,"eAP,eSF",Acauã
ESF - POSTO FISCAL DO SITIO,9,4,6,Gestação e Puerpério,FEV/25,"eAP,eSF",Acauã
ESF - ALTA VISTA,22,7,13,Gestação e Puerpério,FEV/25,"eAP,eSF",Acauã
PSF FRANCELINO BARBOSA LOPES,24,12,12,Gestação e Puerpério,FEV/25,"eAP,eSF",Água Branca
PSF MAE RAIMUNDA,16,9,9,Gestação e Puerpério,FEV/25,"eAP,eSF",Água Branca
PSF CHICO RAIMUNDO,12,3,5,Gestação e Puerpério,FEV/25,"eAP,eSF",Água Branca
PSF DONA BERNADETE BARBOSA,38,12,7,Gestação e Puerpério,FEV/25,"eAP,eSF",Água Branca
PSF ANTONIO C DE SIQUEIRA,18,7,7,Gestação e Puerpério,FEV/25,"eAP,eSF",Água Branca
PSF MANOEL N PEREIRA,10,5,4,Gestação e Puerpério,FEV/25,"eAP,eSF",Agricolândia
PSF PITOMBEIRA,15,6,4,Gestação e Puerpério,FEV/25,"eAP,eSF",Agricolândia
PSF MAE PEDA,20,8,10,Gestação e Puerpério,FEV/25,"eAP,eSF",Agricolândia
EQUIPE ACAUA,0,0,0,Gestação e Puerpério,MAR/25,"eAP,eSF",Acauã
ESF - SEDE,34,18,23,Gestação e Puerpério,MAR/25,"eAP,eSF",Acauã
ESF - POSTO FISCAL DO SITIO,9,4,5,Gestação e Puerpério,MAR/25,"eAP,eSF",Acauã
ESF - ALTA VISTA,23,12,19,Gestação e Puerpério,MAR/25,"eAP,eSF",Acauã
PSF FRANCELINO BARBOSA LOPES,24,11,13,Gestação e Puerpério,MAR/25,"eAP,eSF",Água Branca
PSF MAE RAIMUNDA,14,9,9,Gestação e Puerpério,MAR/25,"eAP,eSF",Água Branca
PSF CHICO RAIMUNDO,11,2,3,Gestação e Puerpério,MAR/25,"eAP,eSF",Água Branca
PSF DONA BERNADETE BARBOSA,36,15,12,Gestação e Puerpério,MAR/25,"eAP,eSF",Água Branca
PSF ANTONIO C DE SIQUEIRA,19,8,7,Gestação e Puerpério,MAR/25,"eAP,eSF",Água Branca
PSF MANOEL N PEREIRA,12,5,4,Gestação e Puerpério,MAR/25,"eAP,eSF",Agricolândia
PSF PITOMBEIRA,14,5,4,Gestação e Puerpério,MAR/25,"eAP,eSF",Agricolândia
PSF MAE PEDA,18,8,9,Gestação e Puerpério,MAR/25,"eAP,eSF",Agricolândia
EQUIPE ACAUA,9,8,10,Gestação e Puerpério,ABR/25,"eAP,eSF",Acauã
ESF - SEDE,28,12,16,Gestação e Puerpério,ABR/25,"eAP,eSF",Acauã
ESF - POSTO FISCAL DO SITIO,11,3,5,Gestação e Puerpério,ABR/25,"eAP,eSF",Acauã
ESF - ALTA VISTA,13,8,12,Gestação e Puerpério,ABR/25,"eAP,eSF",Acauã
PSF FRANCELINO BARBOSA LOPES,24,12,14,Gestação e Puerpério,ABR/25,"eAP,eSF",Água Branca
PSF MAE RAIMUNDA,12,8,8,Gestação e Puerpério,ABR/25,"eAP,eSF",Água Branca
PSF CHICO RAIMUNDO,9,1,2,Gestação e Puerpério,ABR/25,"eAP,eSF",Água Branca
PSF DONA BERNADETE BARBOSA,40,17,14,Gestação e Puerpério,ABR/25,"eAP,eSF",Água Branca
PSF ANTONIO C DE SIQUEIRA,21,8,10,Gestação e Puerpério,ABR/25,"eAP,eSF",Água Branca
PSF MANOEL N PEREIRA,11,8,6,Gestação e Puerpério,ABR/25,"eAP,eSF",Agricolândia
PSF PITOMBEIRA,14,6,6,Gestação e Puerpério,ABR/25,"eAP,eSF",Agricolândia
PSF MAE PEDA,19,7,10,Gestação e Puerpério,ABR/25,"eAP,eSF",Agricolândia
EQUIPE ACAUA,14,10,12,Gestação e Puerpério,MAI/25,"eAP,eSF",Acauã
ESF - SEDE,27,12,17,Gestação e Puerpério,MAI/25,"eAP,eSF",Acauã
ESF - POSTO FISCAL DO SITIO,11,3,3,Gestação e Puerpério,MAI/25,"eAP,eSF",Acauã
ESF - ALTA VISTA,13,10,13,Gestação e Puerpério,MAI/25,"eAP,eSF",Acauã
PSF MANOEL N PEREIRA,11,6,6,Gestação e Puerpério,MAI/25,"eAP,eSF",Agricolândia
PSF PITOMBEIRA,14,6,6,Gestação e Puerpério,MAI/25,"eAP,eSF",Agricolândia
PSF MAE PEDA,17,7,9,Gestação e Puerpério,MAI/25,"eAP,eSF",Agricolândia
PSF FRANCELINO BARBOSA LOPES,23,13,13,Gestação e Puerpério,MAI/25,"eAP,eSF",Água Branca
PSF MAE RAIMUNDA,13,10,10,Gestação e Puerpério,MAI/25,"eAP,eSF",Água Branca
PSF CHICO RAIMUNDO,10,3,3,Gestação e Puerpério,MAI/25,"eAP,eSF",Água Branca
PSF DONA BERNADETE BARBOSA,35,18,15,Gestação e Puerpério,MAI/25,"eAP,eSF",Água Branca
PSF ANTONIO C DE SIQUEIRA,23,10,13,Gestação e Puerpério,MAI/25,"eAP,eSF",Água Branca
EQUIPE ACAUA,16,11,13,Gestação e Puerpério,JUN/25,"eAP,eSF",Acauã
ESF - SEDE,26,15,16,Gestação e Puerpério,JUN/25,"eAP,eSF",Acauã
ESF - POSTO FISCAL DO SITIO,9,2,2,Gestação e Puerpério,JUN/25,"eAP,eSF",Acauã
ESF - ALTA VISTA,12,8,10,Gestação e Puerpério,JUN/25,"eAP,eSF",Acauã
PSF FRANCELINO BARBOSA LOPES,25,12,12,Gestação e Puerpério,JUN/25,"eAP,eSF",Água Branca
PSF MAE RAIMUNDA,11,8,9,Gestação e Puerpério,JUN/25,"eAP,eSF",Água Branca
PSF CHICO RAIMUNDO,10,3,2,Gestação e Puerpério,JUN/25,"eAP,eSF",Água Branca
PSF DONA BERNADETE BARBOSA,38,20,19,Gestação e Puerpério,JUN/25,"eAP,eSF",Água Branca
PSF ANTONIO C DE SIQUEIRA,21,11,12,Gestação e Puerpério,JUN/25,"eAP,eSF",Água Branca
PSF MANOEL N PEREIRA,11,7,8,Gestação e Puerpério,JUN/25,"eAP,eSF",Agricolândia
PSF PITOMBEIRA,9,4,6,Gestação e Puerpério,JUN/25,"eAP,eSF",Agricolândia
PSF MAE PEDA,16,9,10,Gestação e Puerpério,JUN/25,"eAP,eSF",Agricolândia
EQUIPE ACAUA,11,6,7,Gestação e Puerpério,JUL/25,"eAP,eSF",Acauã
ESF - SEDE,25,12,12,Gestação e Puerpério,JUL/25,"eAP,eSF",Acauã
ESF - POSTO FISCAL DO SITIO,7,2,2,Gestação e Puerpério,JUL/25,"eAP,eSF",Acauã
ESF - ALTA VISTA,15,8,11,Gestação e Puerpério,JUL/25,"eAP,eSF",Acauã
PSF FRANCELINO BARBOSA LOPES,25,10,12,Gestação e Puerpério,JUL/25,"eAP,eSF",Água Branca
PSF MAE RAIMUNDA,9,6,6,Gestação e Puerpério,JUL/25,"eAP,eSF",Água Branca
PSF CHICO RAIMUNDO,10,3,4,Gestação e Puerpério,JUL/25,"eAP,eSF",Água Branca
PSF DONA BERNADETE BARBOSA,39,19,19,Gestação e Puerpério,JUL/25,"eAP,eSF",Água Branca
PSF ANTONIO C DE SIQUEIRA,19,9,14,Gestação e Puerpério,JUL/25,"eAP,eSF",Água Branca
PSF MANOEL N PEREIRA,11,7,8,Gestação e Puerpério,JUL/25,"eAP,eSF",Agricolândia
PSF PITOMBEIRA,9,4,8,Gestação e Puerpério,JUL/25,"eAP,eSF",Agricolândia
PSF MAE PEDA,14,8,8,Gestação e Puerpério,JUL/25,"eAP,eSF",Agricolândia
EQUIPE ACAUA,13,5,7,Gestação e Puerpério,AGO/25,"eAP,eSF",Acauã
ESF - SEDE,27,10,11,Gestação e Puerpério,AGO/25,"eAP,eSF",Acauã
ESF - POSTO FISCAL DO SITIO,11,4,4,Gestação e Puerpério,AGO/25,"eAP,eSF",Acauã
ESF - ALTA VISTA,14,4,7,Gestação e Puerpério,AGO/25,"eAP,eSF",Acauã
PSF FRANCELINO BARBOSA LOPES,22,9,12,Gestação e Puerpério,AGO/25,"eAP,eSF",Água Branca
PSF MAE RAIMUNDA,9,6,6,Gestação e Puerpério,AGO/25,"eAP,eSF",Água Branca
PSF CHICO RAIMUNDO,13,5,7,Gestação e Puerpério,AGO/25,"eAP,eSF",Água Branca
PSF DONA BERNADETE BARBOSA,31,10,10,Gestação e Puerpério,AGO/25,"eAP,eSF",Água Branca
PSF ANTONIO C DE SIQUEIRA,25,18,18,Gestação e Puerpério,AGO/25,"eAP,eSF",Água Branca
PSF MANOEL N PEREIRA,8,3,7,Gestação e Puerpério,AGO/25,"eAP,eSF",Agricolândia
PSF PITOMBEIRA,8,6,7,Gestação e Puerpério,AGO/25,"eAP,eSF",Agricolândia
PSF MAE PEDA,12,5,6,Gestação e Puerpério,AGO/25,"eAP,eSF",Agricolândia
EQUIPE ACAUA,12,5,9,Gestação e Puerpério,SET/25,"eAP,eSF",Acauã
ESF - SEDE,28,12,18,Gestação e Puerpério,SET/25,"eAP,eSF",Acauã
ESF - POSTO FISCAL DO SITIO,13,4,4,Gestação e Puerpério,SET/25,"eAP,eSF",Acauã
ESF - ALTA VISTA,16,3,6,Gestação e Puerpério,SET/25,"eAP,eSF",Acauã
PSF FRANCELINO BARBOSA LOPES,20,10,10,Gestação e Puerpério,SET/25,"eAP,eSF",Água Branca
PSF MAE RAIMUNDA,14,8,7,Gestação e Puerpério,SET/25,"eAP,eSF",Água Branca
PSF CHICO RAIMUNDO,9,3,5,Gestação e Puerpério,SET/25,"eAP,eSF",Água Branca
PSF DONA BERNADETE BARBOSA,31,7,7,Gestação e Puerpério,SET/25,"eAP,eSF",Água Branca
PSF ANTONIO C DE SIQUEIRA,24,17,18,Gestação e Puerpério,SET/25,"eAP,eSF",Água Branca
PSF MANOEL N PEREIRA,7,4,6,Gestação e Puerpério,SET/25,"eAP,eSF",Agricolândia
PSF PITOMBEIRA,7,5,6,Gestação e Puerpério,SET/25,"eAP,eSF",Agricolândia
PSF MAE PEDA,13,4,6,Gestação e Puerpério,SET/25,"eAP,eSF",Agricolândia
EQUIPE ACAUA,12,6,9,Gestação e Puerpério,OUT/25,"eAP,eSF",Acauã
ESF - SEDE,25,11,13,Gestação e Puerpério,OUT/25,"eAP,eSF",Acauã
ESF - POSTO FISCAL DO SITIO,16,5,5,Gestação e Puerpério,OUT/25,"eAP,eSF",Acauã
ESF - ALTA VISTA,16,3,7,Gestação e Puerpério,OUT/25,"eAP,eSF",Acauã
PSF FRANCELINO BARBOSA LOPES,18,12,12,Gestação e Puerpério,OUT/25,"eAP,eSF",Água Branca
PSF MAE RAIMUNDA,15,7,7,Gestação e Puerpério,OUT/25,"eAP,eSF",Água Branca
PSF CHICO RAIMUNDO,7,5,5,Gestação e Puerpério,OUT/25,"eAP,eSF",Água Branca
PSF DONA BERNADETE BARBOSA,29,11,10,Gestação e Puerpério,OUT/25,"eAP,eSF",Água Branca
PSF ANTONIO C DE SIQUEIRA,21,14,15,Gestação e Puerpério,OUT/25,"eAP,eSF",Água Branca
PSF MANOEL N PEREIRA,9,4,6,Gestação e Puerpério,OUT/25,"eAP,eSF",Agricolândia
PSF PITOMBEIRA,5,5,5,Gestação e Puerpério,OUT/25,"eAP,eSF",Agricolândia
PSF MAE PEDA,13,2,6,Gestação e Puerpério,OUT/25,"eAP,eSF",Agricolândia
EQUIPE ACAUA,10,6,7,Gestação e Puerpério,NOV/25,"eAP,eSF",Acauã
ESF - SEDE,27,14,15,Gestação e Puerpério,NOV/25,"eAP,eSF",Acauã
ESF - POSTO FISCAL DO SITIO,15,6,7,Gestação e Puerpério,NOV/25,"eAP,eSF",Acauã
ESF - ALTA VISTA,17,5,7,Gestação e Puerpério,NOV/25,"eAP,eSF",Acauã
PSF FRANCELINO BARBOSA LOPES,16,12,11,Gestação e Puerpério,NOV/25,"eAP,eSF",Água Branca
PSF MAE RAIMUNDA,12,2,3,Gestação e Puerpério,NOV/25,"eAP,eSF",Água Branca
PSF CHICO RAIMUNDO,8,5,5,Gestação e Puerpério,NOV/25,"eAP,eSF",Água Branca
PSF DONA BERNADETE BARBOSA,29,13,11,Gestação e Puerpério,NOV/25,"eAP,eSF",Água Branca
PSF ANTONIO C DE SIQUEIRA,24,14,15,Gestação e Puerpério,NOV/25,"eAP,eSF",Água Branca
PSF MANOEL N PEREIRA,10,4,7,Gestação e Puerpério,NOV/25,"eAP,eSF",Agricolândia
PSF PITOMBEIRA,4,2,2,Gestação e Puerpério,NOV/25,"eAP,eSF",Agricolândia
PSF MAE PEDA,16,2,6,Gestação e Puerpério,NOV/25,"eAP,eSF",Agricolândia
EQUIPE ACAUA,11,9,8,Gestação e Puerpério,DEZ/25,"eAP,eSF",Acauã
ESF - SEDE,27,13,15,Gestação e Puerpério,DEZ/25,"eAP,eSF",Acauã
ESF - POSTO FISCAL DO SITIO,16,4,5,Gestação e Puerpério,DEZ/25,"eAP,eSF",Acauã
ESF - ALTA VISTA,19,6,10,Gestação e Puerpério,DEZ/25,"eAP,eSF",Acauã
PSF FRANCELINO BARBOSA LOPES,12,9,8,Gestação e Puerpério,DEZ/25,"eAP,eSF",Água Branca
PSF MAE RAIMUNDA,11,2,3,Gestação e Puerpério,DEZ/25,"eAP,eSF",Água Branca
PSF CHICO RAIMUNDO,10,5,6,Gestação e Puerpério,DEZ/25,"eAP,eSF",Água Branca
PSF DONA BERNADETE BARBOSA,27,19,14,Gestação e Puerpério,DEZ/25,"eAP,eSF",Água Branca
PSF ANTONIO C DE SIQUEIRA,23,12,12,Gestação e Puerpério,DEZ/25,"eAP,eSF",Água Branca
PSF MANOEL N PEREIRA,11,4,8,Gestação e Puerpério,DEZ/25,"eAP,eSF",Agricolândia
PSF PITOMBEIRA,3,1,3,Gestação e Puerpério,DEZ/25,"eAP,eSF",Agricolândia
PSF MAE PEDA,17,4,8,Gestação e Puerpério,DEZ/25,"eAP,eSF",Agricolândia
EQUIPE ACAUA,75,75,72,Diabetes,JAN/25,"eAP,eSF",Acauã
ESF - SEDE,96,95,103,Diabetes,JAN/25,"eAP,eSF",Acauã
ESF - POSTO FISCAL DO SITIO,86,82,92,Diabetes,JAN/25,"eAP,eSF",Acauã
ESF - ALTA VISTA,96,106,99,Diabetes,JAN/25,"eAP,eSF",Acauã
PSF FRANCELINO BARBOSA LOPES,105,107,105,Diabetes,JAN/25,"eAP,eSF",Água Branca
PSF MAE RAIMUNDA,140,139,143,Diabetes,JAN/25,"eAP,eSF",Água Branca
PSF CHICO RAIMUNDO,139,138,133,Diabetes,JAN/25,"eAP,eSF",Água Branca
PSF DONA BERNADETE BARBOSA,176,174,175,Diabetes,JAN/25,"eAP,eSF",Água Branca
PSF ANTONIO C DE SIQUEIRA,151,153,153,Diabetes,JAN/25,"eAP,eSF",Água Branca
PSF MANOEL N PEREIRA,99,97,99,Diabetes,JAN/25,"eAP,eSF",Agricolândia
PSF PITOMBEIRA,82,83,80,Diabetes,JAN/25,"eAP,eSF",Agricolândia
PSF MAE PEDA,204,204,201,Diabetes,JAN/25,"eAP,eSF",Agricolândia
EQUIPE ACAUA,0,0,0,Diabetes,FEV/25,"eAP,eSF",Acauã
ESF - SEDE,86,88,108,Diabetes,FEV/25,"eAP,eSF",Acauã
ESF - POSTO FISCAL DO SITIO,51,47,61,Diabetes,FEV/25,"eAP,eSF",Acauã
ESF - ALTA VISTA,79,109,82,Diabetes,FEV/25,"eAP,eSF",Acauã
PSF FRANCELINO BARBOSA LOPES,95,92,24,Diabetes,FEV/25,"eAP,eSF",Água Branca
PSF MAE RAIMUNDA,95,86,89,Diabetes,FEV/25,"eAP,eSF",Água Branca
PSF CHICO RAIMUNDO,94,96,57,Diabetes,FEV/25,"eAP,eSF",Água Branca
PSF DONA BERNADETE BARBOSA,133,115,40,Diabetes,FEV/25,"eAP,eSF",Água Branca
PSF ANTONIO C DE SIQUEIRA,114,110,82,Diabetes,FEV/25,"eAP,eSF",Água Branca
PSF MANOEL N PEREIRA,56,56,7,Diabetes,FEV/25,"eAP,eSF",Agricolândia
PSF PITOMBEIRA,65,65,50,Diabetes,FEV/25,"eAP,eSF",Agricolândia
PSF MAE PEDA,165,162,74,Diabetes,FEV/25,"eAP,eSF",Agricolândia
EQUIPE ACAUA,0,0,0,Diabetes,MAR/25,"eAP,eSF",Acauã
ESF - SEDE,100,104,113,Diabetes,MAR/25,"eAP,eSF",Acauã
ESF - POSTO FISCAL DO SITIO,53,50,62,Diabetes,MAR/25,"eAP,eSF",Acauã
ESF - ALTA VISTA,83,110,82,Diabetes,MAR/25,"eAP,eSF",Acauã
PSF FRANCELINO BARBOSA LOPES,100,98,25,Diabetes,MAR/25,"eAP,eSF",Água Branca
PSF MAE RAIMUNDA,119,108,112,Diabetes,MAR/25,"eAP,eSF",Água Branca
PSF CHICO RAIMUNDO,112,113,62,Diabetes,MAR/25,"eAP,eSF",Água Branca
PSF DONA BERNADETE BARBOSA,132,116,44,Diabetes,MAR/25,"eAP,eSF",Água Branca
PSF ANTONIO C DE SIQUEIRA,109,105,79,Diabetes,MAR/25,"eAP,eSF",Água Branca
PSF MANOEL N PEREIRA,68,67,11,Diabetes,MAR/25,"eAP,eSF",Agricolândia
PSF PITOMBEIRA,66,67,53,Diabetes,MAR/25,"eAP,eSF",Agricolândia
PSF MAE PEDA,177,175,78,Diabetes,MAR/25,"eAP,eSF",Agricolândia
EQUIPE ACAUA,28,30,25,Diabetes,ABR/25,"eAP,eSF",Acauã
ESF - SEDE,69,75,80,Diabetes,ABR/25,"eAP,eSF",Acauã
ESF - POSTO FISCAL DO SITIO,66,60,68,Diabetes,ABR/25,"eAP,eSF",Acauã
ESF - ALTA VISTA,82,97,76,Diabetes,ABR/25,"eAP,eSF",Acauã
PSF FRANCELINO BARBOSA LOPES,101,100,26,Diabetes,ABR/25,"eAP,eSF",Água Branca
PSF MAE RAIMUNDA,118,107,105,Diabetes,ABR/25,"eAP,eSF",Água Branca
PSF CHICO RAIMUNDO,116,118,64,Diabetes,ABR/25,"eAP,eSF",Água Branca
PSF DONA BERNADETE BARBOSA,146,130,42,Diabetes,ABR/25,"eAP,eSF",Água Branca
PSF ANTONIO C DE SIQUEIRA,113,109,84,Diabetes,ABR/25,"eAP,eSF",Água Branca
PSF MANOEL N PEREIRA,75,76,21,Diabetes,ABR/25,"eAP,eSF",Agricolândia
PSF PITOMBEIRA,63,64,49,Diabetes,ABR/25,"eAP,eSF",Agricolândia
PSF MAE PEDA,183,183,80,Diabetes,ABR/25,"eAP,eSF",Agricolândia
EQUIPE ACAUA,44,48,41,Diabetes,MAI/25,"eAP,eSF",Acauã
ESF - SEDE,76,85,79,Diabetes,MAI/25,"eAP,eSF",Acauã
ESF - POSTO FISCAL DO SITIO,67,63,67,Diabetes,MAI/25,"eAP,eSF",Acauã
ESF - ALTA VISTA,86,98,75,Diabetes,MAI/25,"eAP,eSF",Acauã
PSF FRANCELINO BARBOSA LOPES,104,101,25,Diabetes,MAI/25,"eAP,eSF",Água Branca
PSF MAE RAIMUNDA,128,115,111,Diabetes,MAI/25,"eAP,eSF",Água Branca
PSF CHICO RAIMUNDO,136,138,76,Diabetes,MAI/25,"eAP,eSF",Água Branca
PSF DONA BERNADETE BARBOSA,151,135,44,Diabetes,MAI/25,"eAP,eSF",Água Branca
PSF ANTONIO C DE SIQUEIRA,147,141,106,Diabetes,MAI/25,"eAP,eSF",Água Branca
PSF MANOEL N PEREIRA,96,86,35,Diabetes,MAI/25,"eAP,eSF",Agricolândia
PSF PITOMBEIRA,71,70,43,Diabetes,MAI/25,"eAP,eSF",Agricolândia
PSF MAE PEDA,186,186,82,Diabetes,MAI/25,"eAP,eSF",Agricolândia
EQUIPE ACAUA,56,58,48,Diabetes,JUN/25,"eAP,eSF",Acauã
ESF - SEDE,78,85,78,Diabetes,JUN/25,"eAP,eSF",Acauã
ESF - POSTO FISCAL DO SITIO,75,71,75,Diabetes,JUN/25,"eAP,eSF",Acauã
ESF - ALTA VISTA,92,101,81,Diabetes,JUN/25,"eAP,eSF",Acauã
PSF FRANCELINO BARBOSA LOPES,106,98,23,Diabetes,JUN/25,"eAP,eSF",Água Branca
PSF MAE RAIMUNDA,124,109,113,Diabetes,JUN/25,"eAP,eSF",Água Branca
PSF CHICO RAIMUNDO,123,127,77,Diabetes,JUN/25,"eAP,eSF",Água Branca
PSF DONA BERNADETE BARBOSA,153,134,51,Diabetes,JUN/25,"eAP,eSF",Água Branca
PSF ANTONIO C DE SIQUEIRA,139,137,109,Diabetes,JUN/25,"eAP,eSF",Água Branca
PSF MANOEL N PEREIRA,96,88,73,Diabetes,JUN/25,"eAP,eSF",Agricolândia
PSF PITOMBEIRA,72,72,44,Diabetes,JUN/25,"eAP,eSF",Agricolândia
PSF MAE PEDA,186,183,92,Diabetes,JUN/25,"eAP,eSF",Agricolândia
EQUIPE ACAUA,63,64,53,Diabetes,JUL/25,"eAP,eSF",Acauã
ESF - SEDE,80,85,75,Diabetes,JUL/25,"eAP,eSF",Acauã
ESF - POSTO FISCAL DO SITIO,79,75,77,Diabetes,JUL/25,"eAP,eSF",Acauã
ESF - ALTA VISTA,95,103,82,Diabetes,JUL/25,"eAP,eSF",Acauã
PSF FRANCELINO BARBOSA LOPES,106,101,42,Diabetes,JUL/25,"eAP,eSF",Água Branca
PSF MAE RAIMUNDA,119,101,113,Diabetes,JUL/25,"eAP,eSF",Água Branca
PSF CHICO RAIMUNDO,121,125,78,Diabetes,JUL/25,"eAP,eSF",Água Branca
PSF DONA BERNADETE BARBOSA,143,123,68,Diabetes,JUL/25,"eAP,eSF",Água Branca
PSF ANTONIO C DE SIQUEIRA,140,136,115,Diabetes,JUL/25,"eAP,eSF",Água Branca
PSF MANOEL N PEREIRA,97,91,80,Diabetes,JUL/25,"eAP,eSF",Agricolândia
PSF PITOMBEIRA,52,57,45,Diabetes,JUL/25,"eAP,eSF",Agricolândia
PSF MAE PEDA,176,172,106,Diabetes,JUL/25,"eAP,eSF",Agricolândia
EQUIPE ACAUA,64,64,54,Diabetes,AGO/25,"eAP,eSF",Acauã
ESF - SEDE,80,84,76,Diabetes,AGO/25,"eAP,eSF",Acauã
ESF - POSTO FISCAL DO SITIO,83,82,81,Diabetes,AGO/25,"eAP,eSF",Acauã
ESF - ALTA VISTA,100,106,85,Diabetes,AGO/25,"eAP,eSF",Acauã
PSF MANOEL N PEREIRA,102,96,88,Diabetes,AGO/25,"eAP,eSF",Agricolândia
PSF PITOMBEIRA,54,61,45,Diabetes,AGO/25,"eAP,eSF",Agricolândia
PSF MAE PEDA,179,177,158,Diabetes,AGO/25,"eAP,eSF",Agricolândia
PSF FRANCELINO BARBOSA LOPES,114,110,72,Diabetes,AGO/25,"eAP,eSF",Água Branca
PSF MAE RAIMUNDA,123,110,121,Diabetes,AGO/25,"eAP,eSF",Água Branca
PSF CHICO RAIMUNDO,120,118,85,Diabetes,AGO/25,"eAP,eSF",Água Branca
PSF DONA BERNADETE BARBOSA,146,131,99,Diabetes,AGO/25,"eAP,eSF",Água Branca
PSF ANTONIO C DE SIQUEIRA,131,128,119,Diabetes,AGO/25,"eAP,eSF",Água Branca
EQUIPE ACAUA,64,64,59,Diabetes,SET/25,"eAP,eSF",Acauã
ESF - SEDE,90,91,90,Diabetes,SET/25,"eAP,eSF",Acauã
ESF - POSTO FISCAL DO SITIO,87,86,84,Diabetes,SET/25,"eAP,eSF",Acauã
ESF - ALTA VISTA,101,104,90,Diabetes,SET/25,"eAP,eSF",Acauã
PSF FRANCELINO BARBOSA LOPES,111,110,94,Diabetes,SET/25,"eAP,eSF",Água Branca
PSF MAE RAIMUNDA,124,119,127,Diabetes,SET/25,"eAP,eSF",Água Branca
PSF CHICO RAIMUNDO,118,115,86,Diabetes,SET/25,"eAP,eSF",Água Branca
PSF DONA BERNADETE BARBOSA,149,141,131,Diabetes,SET/25,"eAP,eSF",Água Branca
PSF ANTONIO C DE SIQUEIRA,138,140,140,Diabetes,SET/25,"eAP,eSF",Água Branca
PSF MANOEL N PEREIRA,102,100,99,Diabetes,SET/25,"eAP,eSF",Agricolândia
PSF PITOMBEIRA,71,75,56,Diabetes,SET/25,"eAP,eSF",Agricolândia
PSF MAE PEDA,185,184,180,Diabetes,SET/25,"eAP,eSF",Agricolândia
EQUIPE ACAUA,67,68,63,Diabetes,OUT/25,"eAP,eSF",Acauã
ESF - SEDE,87,87,90,Diabetes,OUT/25,"eAP,eSF",Acauã
ESF - POSTO FISCAL DO SITIO,87,79,84,Diabetes,OUT/25,"eAP,eSF",Acauã
ESF - ALTA VISTA,98,101,87,Diabetes,OUT/25,"eAP,eSF",Acauã
PSF FRANCELINO BARBOSA LOPES,95,94,90,Diabetes,OUT/25,"eAP,eSF",Água Branca
PSF MAE RAIMUNDA,128,123,128,Diabetes,OUT/25,"eAP,eSF",Água Branca
PSF CHICO RAIMUNDO,120,110,86,Diabetes,OUT/25,"eAP,eSF",Água Branca
PSF DONA BERNADETE BARBOSA,160,153,150,Diabetes,OUT/25,"eAP,eSF",Água Branca
PSF ANTONIO C DE SIQUEIRA,136,142,140,Diabetes,OUT/25,"eAP,eSF",Água Branca
PSF MANOEL N PEREIRA,106,104,104,Diabetes,OUT/25,"eAP,eSF",Agricolândia
PSF PITOMBEIRA,79,79,78,Diabetes,OUT/25,"eAP,eSF",Agricolândia
PSF MAE PEDA,187,187,185,Diabetes,OUT/25,"eAP,eSF",Agricolândia
EQUIPE ACAUA,69,70,66,Diabetes,NOV/25,"eAP,eSF",Acauã
ESF - SEDE,83,84,92,Diabetes,NOV/25,"eAP,eSF",Acauã
ESF - POSTO FISCAL DO SITIO,90,84,86,Diabetes,NOV/25,"eAP,eSF",Acauã
ESF - ALTA VISTA,93,102,87,Diabetes,NOV/25,"eAP,eSF",Acauã
PSF FRANCELINO BARBOSA LOPES,92,92,92,Diabetes,NOV/25,"eAP,eSF",Água Branca
PSF MAE RAIMUNDA,137,135,140,Diabetes,NOV/25,"eAP,eSF",Água Branca
PSF CHICO RAIMUNDO,114,106,93,Diabetes,NOV/25,"eAP,eSF",Água Branca
PSF DONA BERNADETE BARBOSA,171,169,167,Diabetes,NOV/25,"eAP,eSF",Água Branca
PSF ANTONIO C DE SIQUEIRA,142,147,143,Diabetes,NOV/25,"eAP,eSF",Água Branca
PSF MANOEL N PEREIRA,100,101,102,Diabetes,NOV/25,"eAP,eSF",Agricolândia
PSF PITOMBEIRA,77,79,76,Diabetes,NOV/25,"eAP,eSF",Agricolândia
PSF MAE PEDA,187,188,185,Diabetes,NOV/25,"eAP,eSF",Agricolândia
EQUIPE ACAUA,74,74,71,Diabetes,DEZ/25,"eAP,eSF",Acauã
ESF - SEDE,90,90,99,Diabetes,DEZ/25,"eAP,eSF",Acauã
ESF - POSTO FISCAL DO SITIO,85,82,88,Diabetes,DEZ/25,"eAP,eSF",Acauã
ESF - ALTA VISTA,97,108,96,Diabetes,DEZ/25,"eAP,eSF",Acauã
PSF FRANCELINO BARBOSA LOPES,97,99,96,Diabetes,DEZ/25,"eAP,eSF",Água Branca
PSF MAE RAIMUNDA,139,136,140,Diabetes,DEZ/25,"eAP,eSF",Água Branca
PSF CHICO RAIMUNDO,137,134,130,Diabetes,DEZ/25,"eAP,eSF",Água Branca
PSF DONA BERNADETE BARBOSA,177,176,176,Diabetes,DEZ/25,"eAP,eSF",Água Branca
PSF ANTONIO C DE SIQUEIRA,147,148,148,Diabetes,DEZ/25,"eAP,eSF",Água Branca
PSF MANOEL N PEREIRA,97,96,99,Diabetes,DEZ/25,"eAP,eSF",Agricolândia
PSF PITOMBEIRA,84,84,83,Diabetes,DEZ/25,"eAP,eSF",Agricolândia
PSF MAE PEDA,187,187,186,Diabetes,DEZ/25,"eAP,eSF",Agricolândia
EQUIPE ACAUA,246,254,249,Hipertensão,JAN/25,"eAP,eSF",Acauã
ESF - SEDE,229,231,236,Hipertensão,JAN/25,"eAP,eSF",Acauã
ESF - POSTO FISCAL DO SITIO,305,283,363,Hipertensão,JAN/25,"eAP,eSF",Acauã
ESF - ALTA VISTA,251,289,270,Hipertensão,JAN/25,"eAP,eSF",Acauã
PSF FRANCELINO BARBOSA LOPES,308,318,311,Hipertensão,JAN/25,"eAP,eSF",Água Branca
PSF MAE RAIMUNDA,398,392,392,Hipertensão,JAN/25,"eAP,eSF",Água Branca
PSF CHICO RAIMUNDO,432,439,433,Hipertensão,JAN/25,"eAP,eSF",Água Branca
PSF DONA BERNADETE BARBOSA,446,446,447,Hipertensão,JAN/25,"eAP,eSF",Água Branca
PSF ANTONIO C DE SIQUEIRA,473,472,469,Hipertensão,JAN/25,"eAP,eSF",Água Branca
PSF MANOEL N PEREIRA,354,353,359,Hipertensão,JAN/25,"eAP,eSF",Agricolândia
PSF PITOMBEIRA,258,263,234,Hipertensão,JAN/25,"eAP,eSF",Agricolândia
PSF MAE PEDA,630,616,616,Hipertensão,JAN/25,"eAP,eSF",Agricolândia
EQUIPE ACAUA,0,0,0,Hipertensão,FEV/25,"eAP,eSF",Acauã
ESF - SEDE,299,319,364,Hipertensão,FEV/25,"eAP,eSF",Acauã
ESF - POSTO FISCAL DO SITIO,210,182,245,Hipertensão,FEV/25,"eAP,eSF",Acauã
ESF - ALTA VISTA,226,318,232,Hipertensão,FEV/25,"eAP,eSF",Acauã
PSF FRANCELINO BARBOSA LOPES,272,277,57,Hipertensão,FEV/25,"eAP,eSF",Água Branca
PSF MAE RAIMUNDA,245,226,222,Hipertensão,FEV/25,"eAP,eSF",Água Branca
PSF CHICO RAIMUNDO,305,308,196,Hipertensão,FEV/25,"eAP,eSF",Água Branca
PSF DONA BERNADETE BARBOSA,338,316,96,Hipertensão,FEV/25,"eAP,eSF",Água Branca
PSF ANTONIO C DE SIQUEIRA,330,330,237,Hipertensão,FEV/25,"eAP,eSF",Água Branca
PSF MANOEL N PEREIRA,190,194,31,Hipertensão,FEV/25,"eAP,eSF",Agricolândia
PSF PITOMBEIRA,248,248,208,Hipertensão,FEV/25,"eAP,eSF",Agricolândia
PSF MAE PEDA,531,506,222,Hipertensão,FEV/25,"eAP,eSF",Agricolândia
EQUIPE ACAUA,0,0,0,Hipertensão,MAR/25,"eAP,eSF",Acauã
ESF - SEDE,337,356,376,Hipertensão,MAR/25,"eAP,eSF",Acauã
ESF - POSTO FISCAL DO SITIO,211,188,252,Hipertensão,MAR/25,"eAP,eSF",Acauã
ESF - ALTA VISTA,247,324,241,Hipertensão,MAR/25,"eAP,eSF",Acauã
PSF FRANCELINO BARBOSA LOPES,280,286,61,Hipertensão,MAR/25,"eAP,eSF",Água Branca
PSF MAE RAIMUNDA,296,274,249,Hipertensão,MAR/25,"eAP,eSF",Água Branca
PSF CHICO RAIMUNDO,360,367,224,Hipertensão,MAR/25,"eAP,eSF",Água Branca
PSF DONA BERNADETE BARBOSA,312,281,99,Hipertensão,MAR/25,"eAP,eSF",Água Branca
PSF ANTONIO C DE SIQUEIRA,328,327,233,Hipertensão,MAR/25,"eAP,eSF",Água Branca
PSF MANOEL N PEREIRA,248,253,53,Hipertensão,MAR/25,"eAP,eSF",Agricolândia
PSF PITOMBEIRA,240,240,197,Hipertensão,MAR/25,"eAP,eSF",Agricolândia
PSF MAE PEDA,541,530,225,Hipertensão,MAR/25,"eAP,eSF",Agricolândia
EQUIPE ACAUA,104,117,108,Hipertensão,ABR/25,"eAP,eSF",Acauã
ESF - SEDE,202,219,222,Hipertensão,ABR/25,"eAP,eSF",Acauã
ESF - POSTO FISCAL DO SITIO,273,248,288,Hipertensão,ABR/25,"eAP,eSF",Acauã
ESF - ALTA VISTA,228,278,205,Hipertensão,ABR/25,"eAP,eSF",Acauã
PSF FRANCELINO BARBOSA LOPES,292,298,67,Hipertensão,ABR/25,"eAP,eSF",Água Branca
PSF MAE RAIMUNDA,307,288,251,Hipertensão,ABR/25,"eAP,eSF",Água Branca
PSF CHICO RAIMUNDO,385,396,243,Hipertensão,ABR/25,"eAP,eSF",Água Branca
PSF DONA BERNADETE BARBOSA,338,308,103,Hipertensão,ABR/25,"eAP,eSF",Água Branca
PSF ANTONIO C DE SIQUEIRA,326,325,244,Hipertensão,ABR/25,"eAP,eSF",Água Branca
PSF MANOEL N PEREIRA,278,283,94,Hipertensão,ABR/25,"eAP,eSF",Agricolândia
PSF PITOMBEIRA,222,223,189,Hipertensão,ABR/25,"eAP,eSF",Agricolândia
PSF MAE PEDA,553,552,229,Hipertensão,ABR/25,"eAP,eSF",Agricolândia
EQUIPE ACAUA,167,188,173,Hipertensão,MAI/25,"eAP,eSF",Acauã
ESF - SEDE,210,230,227,Hipertensão,MAI/25,"eAP,eSF",Acauã
ESF - POSTO FISCAL DO SITIO,298,272,293,Hipertensão,MAI/25,"eAP,eSF",Acauã
ESF - ALTA VISTA,243,288,209,Hipertensão,MAI/25,"eAP,eSF",Acauã
PSF FRANCELINO BARBOSA LOPES,305,309,66,Hipertensão,MAI/25,"eAP,eSF",Água Branca
PSF MAE RAIMUNDA,316,307,256,Hipertensão,MAI/25,"eAP,eSF",Água Branca
PSF CHICO RAIMUNDO,415,425,264,Hipertensão,MAI/25,"eAP,eSF",Água Branca
PSF DONA BERNADETE BARBOSA,369,345,101,Hipertensão,MAI/25,"eAP,eSF",Água Branca
PSF ANTONIO C DE SIQUEIRA,408,408,293,Hipertensão,MAI/25,"eAP,eSF",Água Branca
PSF MANOEL N PEREIRA,345,343,154,Hipertensão,MAI/25,"eAP,eSF",Agricolândia
PSF PITOMBEIRA,267,265,171,Hipertensão,MAI/25,"eAP,eSF",Agricolândia
PSF MAE PEDA,572,565,225,Hipertensão,MAI/25,"eAP,eSF",Agricolândia
EQUIPE ACAUA,174,191,183,Hipertensão,JUN/25,"eAP,eSF",Acauã
ESF - SEDE,215,232,220,Hipertensão,JUN/25,"eAP,eSF",Acauã
ESF - POSTO FISCAL DO SITIO,335,309,323,Hipertensão,JUN/25,"eAP,eSF",Acauã
ESF - ALTA VISTA,255,294,214,Hipertensão,JUN/25,"eAP,eSF",Acauã
PSF FRANCELINO BARBOSA LOPES,297,301,66,Hipertensão,JUN/25,"eAP,eSF",Água Branca
PSF MAE RAIMUNDA,333,310,276,Hipertensão,JUN/25,"eAP,eSF",Água Branca
PSF CHICO RAIMUNDO,368,386,266,Hipertensão,JUN/25,"eAP,eSF",Água Branca
PSF DONA BERNADETE BARBOSA,371,346,115,Hipertensão,JUN/25,"eAP,eSF",Água Branca
PSF ANTONIO C DE SIQUEIRA,382,384,296,Hipertensão,JUN/25,"eAP,eSF",Água Branca
PSF MANOEL N PEREIRA,337,340,277,Hipertensão,JUN/25,"eAP,eSF",Agricolândia
PSF PITOMBEIRA,272,267,171,Hipertensão,JUN/25,"eAP,eSF",Agricolândia
PSF MAE PEDA,566,558,240,Hipertensão,JUN/25,"eAP,eSF",Agricolândia
EQUIPE ACAUA,185,195,189,Hipertensão,JUL/25,"eAP,eSF",Acauã
ESF - SEDE,220,232,217,Hipertensão,JUL/25,"eAP,eSF",Acauã
ESF - POSTO FISCAL DO SITIO,353,333,325,Hipertensão,JUL/25,"eAP,eSF",Acauã
ESF - ALTA VISTA,266,299,226,Hipertensão,JUL/25,"eAP,eSF",Acauã
PSF FRANCELINO BARBOSA LOPES,281,286,106,Hipertensão,JUL/25,"eAP,eSF",Água Branca
PSF MAE RAIMUNDA,297,270,279,Hipertensão,JUL/25,"eAP,eSF",Água Branca
PSF CHICO RAIMUNDO,371,387,277,Hipertensão,JUL/25,"eAP,eSF",Água Branca
PSF DONA BERNADETE BARBOSA,324,291,139,Hipertensão,JUL/25,"eAP,eSF",Água Branca
PSF ANTONIO C DE SIQUEIRA,359,360,312,Hipertensão,JUL/25,"eAP,eSF",Água Branca
PSF MANOEL N PEREIRA,335,342,319,Hipertensão,JUL/25,"eAP,eSF",Agricolândia
PSF PITOMBEIRA,195,198,171,Hipertensão,JUL/25,"eAP,eSF",Agricolândia
PSF MAE PEDA,503,494,295,Hipertensão,JUL/25,"eAP,eSF",Agricolândia
EQUIPE ACAUA,206,210,202,Hipertensão,AGO/25,"eAP,eSF",Acauã
ESF - SEDE,220,224,214,Hipertensão,AGO/25,"eAP,eSF",Acauã
ESF - POSTO FISCAL DO SITIO,369,353,336,Hipertensão,AGO/25,"eAP,eSF",Acauã
ESF - ALTA VISTA,275,304,241,Hipertensão,AGO/25,"eAP,eSF",Acauã
PSF FRANCELINO BARBOSA LOPES,312,321,205,Hipertensão,AGO/25,"eAP,eSF",Água Branca
PSF MAE RAIMUNDA,315,291,308,Hipertensão,AGO/25,"eAP,eSF",Água Branca
PSF CHICO RAIMUNDO,375,369,298,Hipertensão,AGO/25,"eAP,eSF",Água Branca
PSF DONA BERNADETE BARBOSA,329,306,205,Hipertensão,AGO/25,"eAP,eSF",Água Branca
PSF ANTONIO C DE SIQUEIRA,348,347,325,Hipertensão,AGO/25,"eAP,eSF",Água Branca
PSF MANOEL N PEREIRA,338,344,327,Hipertensão,AGO/25,"eAP,eSF",Agricolândia
PSF PITOMBEIRA,199,205,171,Hipertensão,AGO/25,"eAP,eSF",Agricolândia
PSF MAE PEDA,546,541,473,Hipertensão,AGO/25,"eAP,eSF",Agricolândia
EQUIPE ACAUA,203,210,204,Hipertensão,SET/25,"eAP,eSF",Acauã
ESF - SEDE,229,229,232,Hipertensão,SET/25,"eAP,eSF",Acauã
ESF - POSTO FISCAL DO SITIO,362,350,340,Hipertensão,SET/25,"eAP,eSF",Acauã
ESF - ALTA VISTA,280,306,258,Hipertensão,SET/25,"eAP,eSF",Acauã
PSF FRANCELINO BARBOSA LOPES,310,324,254,Hipertensão,SET/25,"eAP,eSF",Água Branca
PSF MAE RAIMUNDA,327,322,333,Hipertensão,SET/25,"eAP,eSF",Água Branca
PSF CHICO RAIMUNDO,377,365,309,Hipertensão,SET/25,"eAP,eSF",Água Branca
PSF DONA BERNADETE BARBOSA,338,328,271,Hipertensão,SET/25,"eAP,eSF",Água Branca
PSF ANTONIO C DE SIQUEIRA,367,361,368,Hipertensão,SET/25,"eAP,eSF",Água Branca
PSF MANOEL N PEREIRA,348,349,346,Hipertensão,SET/25,"eAP,eSF",Agricolândia
PSF PITOMBEIRA,223,228,190,Hipertensão,SET/25,"eAP,eSF",Agricolândia
PSF MAE PEDA,565,564,536,Hipertensão,SET/25,"eAP,eSF",Agricolândia
EQUIPE ACAUA,210,219,212,Hipertensão,OUT/25,"eAP,eSF",Acauã
ESF - SEDE,225,224,230,Hipertensão,OUT/25,"eAP,eSF",Acauã
ESF - POSTO FISCAL DO SITIO,337,318,350,Hipertensão,OUT/25,"eAP,eSF",Acauã
ESF - ALTA VISTA,270,303,258,Hipertensão,OUT/25,"eAP,eSF",Acauã
PSF MANOEL N PEREIRA,349,348,345,Hipertensão,OUT/25,"eAP,eSF",Agricolândia
PSF PITOMBEIRA,231,233,217,Hipertensão,OUT/25,"eAP,eSF",Agricolândia
PSF MAE PEDA,557,557,538,Hipertensão,OUT/25,"eAP,eSF",Agricolândia
PSF FRANCELINO BARBOSA LOPES,273,287,240,Hipertensão,OUT/25,"eAP,eSF",Água Branca
PSF MAE RAIMUNDA,341,334,344,Hipertensão,OUT/25,"eAP,eSF",Água Branca
PSF CHICO RAIMUNDO,382,361,314,Hipertensão,OUT/25,"eAP,eSF",Água Branca
PSF DONA BERNADETE BARBOSA,387,384,349,Hipertensão,OUT/25,"eAP,eSF",Água Branca
PSF ANTONIO C DE SIQUEIRA,377,381,383,Hipertensão,OUT/25,"eAP,eSF",Água Branca
EQUIPE ACAUA,229,234,230,Hipertensão,NOV/25,"eAP,eSF",Acauã
ESF - SEDE,216,214,226,Hipertensão,NOV/25,"eAP,eSF",Acauã
ESF - POSTO FISCAL DO SITIO,320,298,353,Hipertensão,NOV/25,"eAP,eSF",Acauã
ESF - ALTA VISTA,263,296,252,Hipertensão,NOV/25,"eAP,eSF",Acauã
PSF MANOEL N PEREIRA,344,348,348,Hipertensão,NOV/25,"eAP,eSF",Agricolândia
PSF PITOMBEIRA,224,227,221,Hipertensão,NOV/25,"eAP,eSF",Agricolândia
PSF MAE PEDA,548,552,544,Hipertensão,NOV/25,"eAP,eSF",Agricolândia
PSF FRANCELINO BARBOSA LOPES,275,289,277,Hipertensão,NOV/25,"eAP,eSF",Água Branca
PSF MAE RAIMUNDA,362,357,366,Hipertensão,NOV/25,"eAP,eSF",Água Branca
PSF CHICO RAIMUNDO,375,361,339,Hipertensão,NOV/25,"eAP,eSF",Água Branca
PSF DONA BERNADETE BARBOSA,437,439,437,Hipertensão,NOV/25,"eAP,eSF",Água Branca
PSF ANTONIO C DE SIQUEIRA,431,439,433,Hipertensão,NOV/25,"eAP,eSF",Água Branca
EQUIPE ACAUA,240,246,242,Hipertensão,DEZ/25,"eAP,eSF",Acauã
ESF - SEDE,228,227,235,Hipertensão,DEZ/25,"eAP,eSF",Acauã
ESF - POSTO FISCAL DO SITIO,313,296,359,Hipertensão,DEZ/25,"eAP,eSF",Acauã
ESF - ALTA VISTA,256,297,262,Hipertensão,DEZ/25,"eAP,eSF",Acauã
PSF MANOEL N PEREIRA,340,341,345,Hipertensão,DEZ/25,"eAP,eSF",Agricolândia
PSF PITOMBEIRA,233,234,232,Hipertensão,DEZ/25,"eAP,eSF",Agricolândia
PSF MAE PEDA,570,567,564,Hipertensão,DEZ/25,"eAP,eSF",Agricolândia
PSF FRANCELINO BARBOSA LOPES,296,306,299,Hipertensão,DEZ/25,"eAP,eSF",Água Branca
PSF MAE RAIMUNDA,389,385,386,Hipertensão,DEZ/25,"eAP,eSF",Água Branca
PSF CHICO RAIMUNDO,411,409,404,Hipertensão,DEZ/25,"eAP,eSF",Água Branca
PSF DONA BERNADETE BARBOSA,448,448,450,Hipertensão,DEZ/25,"eAP,eSF",Água Branca
PSF ANTONIO C DE SIQUEIRA,471,472,462,Hipertensão,DEZ/25,"eAP,eSF",Água Branca
EQUIPE ACAUA,198,109,253,Pessoa Idosa,JAN/25,"eAP,eSF",Acauã
ESF - SEDE,166,87,199,Pessoa Idosa,JAN/25,"eAP,eSF",Acauã
ESF - POSTO FISCAL DO SITIO,260,141,337,Pessoa Idosa,JAN/25,"eAP,eSF",Acauã
ESF - ALTA VISTA,221,132,243,Pessoa Idosa,JAN/25,"eAP,eSF",Acauã
PSF FRANCELINO BARBOSA LOPES,189,114,205,Pessoa Idosa,JAN/25,"eAP,eSF",Água Branca
PSF MAE RAIMUNDA,267,180,301,Pessoa Idosa,JAN/25,"eAP,eSF",Água Branca
PSF CHICO RAIMUNDO,354,232,414,Pessoa Idosa,JAN/25,"eAP,eSF",Água Branca
PSF DONA BERNADETE BARBOSA,269,166,293,Pessoa Idosa,JAN/25,"eAP,eSF",Água Branca
PSF ANTONIO C DE SIQUEIRA,247,199,263,Pessoa Idosa,JAN/25,"eAP,eSF",Água Branca
PSF MANOEL N PEREIRA,277,259,281,Pessoa Idosa,JAN/25,"eAP,eSF",Agricolândia
PSF PITOMBEIRA,194,110,223,Pessoa Idosa,JAN/25,"eAP,eSF",Agricolândia
PSF MAE PEDA,545,330,550,Pessoa Idosa,JAN/25,"eAP,eSF",Agricolândia
EQUIPE ACAUA,0,0,0,Pessoa Idosa,FEV/25,"eAP,eSF",Acauã
ESF - SEDE,264,118,370,Pessoa Idosa,FEV/25,"eAP,eSF",Acauã
ESF - POSTO FISCAL DO SITIO,187,74,270,Pessoa Idosa,FEV/25,"eAP,eSF",Acauã
ESF - ALTA VISTA,201,90,273,Pessoa Idosa,FEV/25,"eAP,eSF",Acauã
PSF FRANCELINO BARBOSA LOPES,162,5,174,Pessoa Idosa,FEV/25,"eAP,eSF",Água Branca
PSF MAE RAIMUNDA,149,77,180,Pessoa Idosa,FEV/25,"eAP,eSF",Água Branca
PSF CHICO RAIMUNDO,237,116,264,Pessoa Idosa,FEV/25,"eAP,eSF",Água Branca
PSF DONA BERNADETE BARBOSA,197,14,246,Pessoa Idosa,FEV/25,"eAP,eSF",Água Branca
PSF ANTONIO C DE SIQUEIRA,154,83,173,Pessoa Idosa,FEV/25,"eAP,eSF",Água Branca
PSF MANOEL N PEREIRA,135,6,163,Pessoa Idosa,FEV/25,"eAP,eSF",Agricolândia
PSF PITOMBEIRA,162,70,199,Pessoa Idosa,FEV/25,"eAP,eSF",Agricolândia
PSF MAE PEDA,356,79,441,Pessoa Idosa,FEV/25,"eAP,eSF",Agricolândia
EQUIPE ACAUA,0,0,0,Pessoa Idosa,MAR/25,"eAP,eSF",Acauã
ESF - SEDE,265,127,373,Pessoa Idosa,MAR/25,"eAP,eSF",Acauã
ESF - POSTO FISCAL DO SITIO,193,83,280,Pessoa Idosa,MAR/25,"eAP,eSF",Acauã
ESF - ALTA VISTA,208,86,276,Pessoa Idosa,MAR/25,"eAP,eSF",Acauã
PSF FRANCELINO BARBOSA LOPES,167,5,176,Pessoa Idosa,MAR/25,"eAP,eSF",Água Branca
PSF MAE RAIMUNDA,174,92,221,Pessoa Idosa,MAR/25,"eAP,eSF",Água Branca
PSF CHICO RAIMUNDO,286,131,323,Pessoa Idosa,MAR/25,"eAP,eSF",Água Branca
PSF DONA BERNADETE BARBOSA,200,16,250,Pessoa Idosa,MAR/25,"eAP,eSF",Água Branca
PSF ANTONIO C DE SIQUEIRA,162,86,182,Pessoa Idosa,MAR/25,"eAP,eSF",Água Branca
PSF MANOEL N PEREIRA,204,11,240,Pessoa Idosa,MAR/25,"eAP,eSF",Agricolândia
PSF PITOMBEIRA,166,63,205,Pessoa Idosa,MAR/25,"eAP,eSF",Agricolândia
PSF MAE PEDA,383,82,483,Pessoa Idosa,MAR/25,"eAP,eSF",Agricolândia
EQUIPE ACAUA,81,41,121,Pessoa Idosa,ABR/25,"eAP,eSF",Acauã
ESF - SEDE,144,70,202,Pessoa Idosa,ABR/25,"eAP,eSF",Acauã
ESF - POSTO FISCAL DO SITIO,214,117,296,Pessoa Idosa,ABR/25,"eAP,eSF",Acauã
ESF - ALTA VISTA,185,74,237,Pessoa Idosa,ABR/25,"eAP,eSF",Acauã
PSF FRANCELINO BARBOSA LOPES,173,4,185,Pessoa Idosa,ABR/25,"eAP,eSF",Água Branca
PSF MAE RAIMUNDA,184,85,226,Pessoa Idosa,ABR/25,"eAP,eSF",Água Branca
PSF CHICO RAIMUNDO,317,143,354,Pessoa Idosa,ABR/25,"eAP,eSF",Água Branca
PSF DONA BERNADETE BARBOSA,210,15,260,Pessoa Idosa,ABR/25,"eAP,eSF",Água Branca
PSF ANTONIO C DE SIQUEIRA,168,89,189,Pessoa Idosa,ABR/25,"eAP,eSF",Água Branca
PSF MANOEL N PEREIRA,227,21,266,Pessoa Idosa,ABR/25,"eAP,eSF",Agricolândia
PSF PITOMBEIRA,166,51,209,Pessoa Idosa,ABR/25,"eAP,eSF",Agricolândia
PSF MAE PEDA,395,86,501,Pessoa Idosa,ABR/25,"eAP,eSF",Agricolândia
EQUIPE ACAUA,137,64,207,Pessoa Idosa,MAI/25,"eAP,eSF",Acauã
ESF - SEDE,147,68,206,Pessoa Idosa,MAI/25,"eAP,eSF",Acauã
ESF - POSTO FISCAL DO SITIO,223,116,298,Pessoa Idosa,MAI/25,"eAP,eSF",Acauã
ESF - ALTA VISTA,193,73,236,Pessoa Idosa,MAI/25,"eAP,eSF",Acauã
PSF FRANCELINO BARBOSA LOPES,174,5,182,Pessoa Idosa,MAI/25,"eAP,eSF",Água Branca
PSF MAE RAIMUNDA,190,93,230,Pessoa Idosa,MAI/25,"eAP,eSF",Água Branca
PSF CHICO RAIMUNDO,341,154,387,Pessoa Idosa,MAI/25,"eAP,eSF",Água Branca
PSF DONA BERNADETE BARBOSA,215,15,266,Pessoa Idosa,MAI/25,"eAP,eSF",Água Branca
PSF ANTONIO C DE SIQUEIRA,211,113,244,Pessoa Idosa,MAI/25,"eAP,eSF",Água Branca
PSF MANOEL N PEREIRA,232,39,268,Pessoa Idosa,MAI/25,"eAP,eSF",Agricolândia
PSF PITOMBEIRA,168,46,212,Pessoa Idosa,MAI/25,"eAP,eSF",Agricolândia
PSF MAE PEDA,393,87,504,Pessoa Idosa,MAI/25,"eAP,eSF",Agricolândia
EQUIPE ACAUA,149,67,226,Pessoa Idosa,JUN/25,"eAP,eSF",Acauã
ESF - SEDE,148,70,207,Pessoa Idosa,JUN/25,"eAP,eSF",Acauã
ESF - POSTO FISCAL DO SITIO,234,121,327,Pessoa Idosa,JUN/25,"eAP,eSF",Acauã
ESF - ALTA VISTA,196,76,244,Pessoa Idosa,JUN/25,"eAP,eSF",Acauã
PSF FRANCELINO BARBOSA LOPES,177,4,187,Pessoa Idosa,JUN/25,"eAP,eSF",Água Branca
PSF MAE RAIMUNDA,217,106,259,Pessoa Idosa,JUN/25,"eAP,eSF",Água Branca
PSF CHICO RAIMUNDO,341,153,401,Pessoa Idosa,JUN/25,"eAP,eSF",Água Branca
PSF DONA BERNADETE BARBOSA,216,17,266,Pessoa Idosa,JUN/25,"eAP,eSF",Água Branca
PSF ANTONIO C DE SIQUEIRA,214,119,251,Pessoa Idosa,JUN/25,"eAP,eSF",Água Branca
PSF MANOEL N PEREIRA,232,95,267,Pessoa Idosa,JUN/25,"eAP,eSF",Agricolândia
PSF PITOMBEIRA,171,43,212,Pessoa Idosa,JUN/25,"eAP,eSF",Agricolândia
PSF MAE PEDA,390,90,498,Pessoa Idosa,JUN/25,"eAP,eSF",Agricolândia
EQUIPE ACAUA,154,68,229,Pessoa Idosa,JUL/25,"eAP,eSF",Acauã
ESF - SEDE,144,68,208,Pessoa Idosa,JUL/25,"eAP,eSF",Acauã
ESF - POSTO FISCAL DO SITIO,247,134,329,Pessoa Idosa,JUL/25,"eAP,eSF",Acauã
ESF - ALTA VISTA,206,82,243,Pessoa Idosa,JUL/25,"eAP,eSF",Acauã
PSF FRANCELINO BARBOSA LOPES,176,7,192,Pessoa Idosa,JUL/25,"eAP,eSF",Água Branca
PSF MAE RAIMUNDA,219,104,251,Pessoa Idosa,JUL/25,"eAP,eSF",Água Branca
PSF CHICO RAIMUNDO,333,159,401,Pessoa Idosa,JUL/25,"eAP,eSF",Água Branca
PSF DONA BERNADETE BARBOSA,220,24,270,Pessoa Idosa,JUL/25,"eAP,eSF",Água Branca
PSF ANTONIO C DE SIQUEIRA,212,130,249,Pessoa Idosa,JUL/25,"eAP,eSF",Água Branca
PSF MANOEL N PEREIRA,240,130,270,Pessoa Idosa,JUL/25,"eAP,eSF",Agricolândia
PSF PITOMBEIRA,169,43,208,Pessoa Idosa,JUL/25,"eAP,eSF",Agricolândia
PSF MAE PEDA,396,105,501,Pessoa Idosa,JUL/25,"eAP,eSF",Agricolândia
EQUIPE ACAUA,169,74,237,Pessoa Idosa,AGO/25,"eAP,eSF",Acauã
ESF - SEDE,141,62,205,Pessoa Idosa,AGO/25,"eAP,eSF",Acauã
ESF - POSTO FISCAL DO SITIO,255,133,331,Pessoa Idosa,AGO/25,"eAP,eSF",Acauã
ESF - ALTA VISTA,207,91,242,Pessoa Idosa,AGO/25,"eAP,eSF",Acauã
PSF FRANCELINO BARBOSA LOPES,193,38,209,Pessoa Idosa,AGO/25,"eAP,eSF",Água Branca
PSF MAE RAIMUNDA,233,116,271,Pessoa Idosa,AGO/25,"eAP,eSF",Água Branca
PSF CHICO RAIMUNDO,333,171,412,Pessoa Idosa,AGO/25,"eAP,eSF",Água Branca
PSF DONA BERNADETE BARBOSA,220,40,270,Pessoa Idosa,AGO/25,"eAP,eSF",Água Branca
PSF ANTONIO C DE SIQUEIRA,212,140,250,Pessoa Idosa,AGO/25,"eAP,eSF",Água Branca
PSF MANOEL N PEREIRA,259,157,270,Pessoa Idosa,AGO/25,"eAP,eSF",Agricolândia
PSF PITOMBEIRA,168,47,206,Pessoa Idosa,AGO/25,"eAP,eSF",Agricolândia
PSF MAE PEDA,399,135,498,Pessoa Idosa,AGO/25,"eAP,eSF",Agricolândia
EQUIPE ACAUA,168,76,239,Pessoa Idosa,SET/25,"eAP,eSF",Acauã
ESF - SEDE,153,70,204,Pessoa Idosa,SET/25,"eAP,eSF",Acauã
ESF - POSTO FISCAL DO SITIO,255,135,331,Pessoa Idosa,SET/25,"eAP,eSF",Acauã
ESF - ALTA VISTA,214,102,239,Pessoa Idosa,SET/25,"eAP,eSF",Acauã
PSF FRANCELINO BARBOSA LOPES,196,71,213,Pessoa Idosa,SET/25,"eAP,eSF",Água Branca
PSF MAE RAIMUNDA,233,135,273,Pessoa Idosa,SET/25,"eAP,eSF",Água Branca
PSF CHICO RAIMUNDO,335,173,415,Pessoa Idosa,SET/25,"eAP,eSF",Água Branca
PSF DONA BERNADETE BARBOSA,214,63,261,Pessoa Idosa,SET/25,"eAP,eSF",Água Branca
PSF ANTONIO C DE SIQUEIRA,220,155,260,Pessoa Idosa,SET/25,"eAP,eSF",Água Branca
PSF MANOEL N PEREIRA,263,212,271,Pessoa Idosa,SET/25,"eAP,eSF",Agricolândia
PSF PITOMBEIRA,173,69,206,Pessoa Idosa,SET/25,"eAP,eSF",Agricolândia
PSF MAE PEDA,434,155,494,Pessoa Idosa,SET/25,"eAP,eSF",Agricolândia
EQUIPE ACAUA,170,76,248,Pessoa Idosa,OUT/25,"eAP,eSF",Acauã
ESF - SEDE,154,77,199,Pessoa Idosa,OUT/25,"eAP,eSF",Acauã
ESF - POSTO FISCAL DO SITIO,255,140,330,Pessoa Idosa,OUT/25,"eAP,eSF",Acauã
ESF - ALTA VISTA,212,107,240,Pessoa Idosa,OUT/25,"eAP,eSF",Acauã
PSF FRANCELINO BARBOSA LOPES,165,73,182,Pessoa Idosa,OUT/25,"eAP,eSF",Água Branca
PSF MAE RAIMUNDA,253,152,285,Pessoa Idosa,OUT/25,"eAP,eSF",Água Branca
PSF CHICO RAIMUNDO,336,180,416,Pessoa Idosa,OUT/25,"eAP,eSF",Água Branca
PSF DONA BERNADETE BARBOSA,237,110,285,Pessoa Idosa,OUT/25,"eAP,eSF",Água Branca
PSF ANTONIO C DE SIQUEIRA,218,166,257,Pessoa Idosa,OUT/25,"eAP,eSF",Água Branca
PSF MANOEL N PEREIRA,267,224,272,Pessoa Idosa,OUT/25,"eAP,eSF",Agricolândia
PSF PITOMBEIRA,180,91,211,Pessoa Idosa,OUT/25,"eAP,eSF",Agricolândia
PSF MAE PEDA,433,223,491,Pessoa Idosa,OUT/25,"eAP,eSF",Agricolândia
EQUIPE ACAUA,186,89,253,Pessoa Idosa,NOV/25,"eAP,eSF",Acauã
ESF - SEDE,152,77,196,Pessoa Idosa,NOV/25,"eAP,eSF",Acauã
ESF - POSTO FISCAL DO SITIO,260,138,335,Pessoa Idosa,NOV/25,"eAP,eSF",Acauã
ESF - ALTA VISTA,214,106,239,Pessoa Idosa,NOV/25,"eAP,eSF",Acauã
PSF FRANCELINO BARBOSA LOPES,167,86,185,Pessoa Idosa,NOV/25,"eAP,eSF",Água Branca
PSF MAE RAIMUNDA,253,151,282,Pessoa Idosa,NOV/25,"eAP,eSF",Água Branca
PSF CHICO RAIMUNDO,334,189,419,Pessoa Idosa,NOV/25,"eAP,eSF",Água Branca
PSF DONA BERNADETE BARBOSA,264,147,292,Pessoa Idosa,NOV/25,"eAP,eSF",Água Branca
PSF ANTONIO C DE SIQUEIRA,221,183,251,Pessoa Idosa,NOV/25,"eAP,eSF",Água Branca
PSF MANOEL N PEREIRA,272,238,275,Pessoa Idosa,NOV/25,"eAP,eSF",Agricolândia
PSF PITOMBEIRA,181,92,209,Pessoa Idosa,NOV/25,"eAP,eSF",Agricolândia
PSF MAE PEDA,437,246,494,Pessoa Idosa,NOV/25,"eAP,eSF",Agricolândia
EQUIPE ACAUA,192,104,253,Pessoa Idosa,DEZ/25,"eAP,eSF",Acauã
ESF - SEDE,164,82,197,Pessoa Idosa,DEZ/25,"eAP,eSF",Acauã
ESF - POSTO FISCAL DO SITIO,259,142,336,Pessoa Idosa,DEZ/25,"eAP,eSF",Acauã
ESF - ALTA VISTA,214,121,239,Pessoa Idosa,DEZ/25,"eAP,eSF",Acauã
PSF FRANCELINO BARBOSA LOPES,173,106,194,Pessoa Idosa,DEZ/25,"eAP,eSF",Água Branca
PSF MAE RAIMUNDA,266,168,303,Pessoa Idosa,DEZ/25,"eAP,eSF",Água Branca
PSF CHICO RAIMUNDO,338,212,416,Pessoa Idosa,DEZ/25,"eAP,eSF",Água Branca
PSF DONA BERNADETE BARBOSA,271,168,294,Pessoa Idosa,DEZ/25,"eAP,eSF",Água Branca
PSF ANTONIO C DE SIQUEIRA,247,189,259,Pessoa Idosa,DEZ/25,"eAP,eSF",Água Branca
PSF MANOEL N PEREIRA,271,247,273,Pessoa Idosa,DEZ/25,"eAP,eSF",Agricolândia
PSF PITOMBEIRA,192,113,211,Pessoa Idosa,DEZ/25,"eAP,eSF",Agricolândia
PSF MAE PEDA,486,294,492,Pessoa Idosa,DEZ/25,"eAP,eSF",Agricolândia
EQUIPE ACAUA,260,405,12.84,Prevenção do Câncer,JAN/25,"eAP,eSF",Acauã
ESF - SEDE,226,462,9.78,Prevenção do Câncer,JAN/25,"eAP,eSF",Acauã
ESF - POSTO FISCAL DO SITIO,223,485,9.2,Prevenção do Câncer,JAN/25,"eAP,eSF",Acauã
ESF - ALTA VISTA,243,367,13.24,Prevenção do Câncer,JAN/25,"eAP,eSF",Acauã
PSF MANOEL N PEREIRA,356,359,19.83,Prevenção do Câncer,JAN/25,"eAP,eSF",Agricolândia
PSF PITOMBEIRA,316,317,19.94,Prevenção do Câncer,JAN/25,"eAP,eSF",Agricolândia
PSF MAE PEDA,746,751,19.87,Prevenção do Câncer,JAN/25,"eAP,eSF",Agricolândia
PSF FRANCELINO BARBOSA LOPES,233,362,12.87,Prevenção do Câncer,JAN/25,"eAP,eSF",Água Branca
PSF MAE RAIMUNDA,482,553,17.43,Prevenção do Câncer,JAN/25,"eAP,eSF",Água Branca
PSF CHICO RAIMUNDO,272,435,12.51,Prevenção do Câncer,JAN/25,"eAP,eSF",Água Branca
PSF DONA BERNADETE BARBOSA,316,535,11.81,Prevenção do Câncer,JAN/25,"eAP,eSF",Água Branca
PSF ANTONIO C DE SIQUEIRA,510,577,17.68,Prevenção do Câncer,JAN/25,"eAP,eSF",Água Branca
EQUIPE ACAUA,0,0,0,Prevenção do Câncer,FEV/25,"eAP,eSF",Acauã
ESF - SEDE,389,733,10.61,Prevenção do Câncer,FEV/25,"eAP,eSF",Acauã
ESF - POSTO FISCAL DO SITIO,211,365,11.56,Prevenção do Câncer,FEV/25,"eAP,eSF",Acauã
ESF - ALTA VISTA,215,424,10.14,Prevenção do Câncer,FEV/25,"eAP,eSF",Acauã
PSF FRANCELINO BARBOSA LOPES,251,329,15.26,Prevenção do Câncer,FEV/25,"eAP,eSF",Água Branca
PSF MAE RAIMUNDA,331,391,16.93,Prevenção do Câncer,FEV/25,"eAP,eSF",Água Branca
PSF CHICO RAIMUNDO,201,313,12.84,Prevenção do Câncer,FEV/25,"eAP,eSF",Água Branca
PSF DONA BERNADETE BARBOSA,342,482,14.19,Prevenção do Câncer,FEV/25,"eAP,eSF",Água Branca
PSF ANTONIO C DE SIQUEIRA,303,426,14.23,Prevenção do Câncer,FEV/25,"eAP,eSF",Água Branca
PSF MANOEL N PEREIRA,225,228,19.74,Prevenção do Câncer,FEV/25,"eAP,eSF",Agricolândia
PSF PITOMBEIRA,271,275,19.71,Prevenção do Câncer,FEV/25,"eAP,eSF",Agricolândia
PSF MAE PEDA,597,608,19.64,Prevenção do Câncer,FEV/25,"eAP,eSF",Agricolândia
EQUIPE ACAUA,0,0,0,Prevenção do Câncer,MAR/25,"eAP,eSF",Acauã
ESF - SEDE,395,731,10.81,Prevenção do Câncer,MAR/25,"eAP,eSF",Acauã
ESF - POSTO FISCAL DO SITIO,223,395,11.29,Prevenção do Câncer,MAR/25,"eAP,eSF",Acauã
ESF - ALTA VISTA,220,429,10.26,Prevenção do Câncer,MAR/25,"eAP,eSF",Acauã
PSF FRANCELINO BARBOSA LOPES,264,349,15.13,Prevenção do Câncer,MAR/25,"eAP,eSF",Água Branca
PSF MAE RAIMUNDA,380,447,17,Prevenção do Câncer,MAR/25,"eAP,eSF",Água Branca
PSF CHICO RAIMUNDO,236,365,12.93,Prevenção do Câncer,MAR/25,"eAP,eSF",Água Branca
PSF DONA BERNADETE BARBOSA,338,479,14.11,Prevenção do Câncer,MAR/25,"eAP,eSF",Água Branca
PSF ANTONIO C DE SIQUEIRA,311,430,14.47,Prevenção do Câncer,MAR/25,"eAP,eSF",Água Branca
PSF MANOEL N PEREIRA,277,283,19.58,Prevenção do Câncer,MAR/25,"eAP,eSF",Agricolândia
PSF PITOMBEIRA,277,284,19.51,Prevenção do Câncer,MAR/25,"eAP,eSF",Agricolândia
PSF MAE PEDA,641,653,19.63,Prevenção do Câncer,MAR/25,"eAP,eSF",Agricolândia
EQUIPE ACAUA,134,224,11.96,Prevenção do Câncer,ABR/25,"eAP,eSF",Acauã
ESF - SEDE,224,475,9.43,Prevenção do Câncer,ABR/25,"eAP,eSF",Acauã
ESF - POSTO FISCAL DO SITIO,246,446,11.03,Prevenção do Câncer,ABR/25,"eAP,eSF",Acauã
ESF - ALTA VISTA,200,353,11.33,Prevenção do Câncer,ABR/25,"eAP,eSF",Acauã
PSF FRANCELINO BARBOSA LOPES,273,358,15.25,Prevenção do Câncer,ABR/25,"eAP,eSF",Água Branca
PSF MAE RAIMUNDA,383,464,16.51,Prevenção do Câncer,ABR/25,"eAP,eSF",Água Branca
PSF CHICO RAIMUNDO,248,398,12.46,Prevenção do Câncer,ABR/25,"eAP,eSF",Água Branca
PSF DONA BERNADETE BARBOSA,354,492,14.39,Prevenção do Câncer,ABR/25,"eAP,eSF",Água Branca
PSF ANTONIO C DE SIQUEIRA,310,433,14.32,Prevenção do Câncer,ABR/25,"eAP,eSF",Água Branca
PSF MANOEL N PEREIRA,317,327,19.39,Prevenção do Câncer,ABR/25,"eAP,eSF",Agricolândia
PSF PITOMBEIRA,277,291,19.04,Prevenção do Câncer,ABR/25,"eAP,eSF",Agricolândia
PSF MAE PEDA,657,675,19.47,Prevenção do Câncer,ABR/25,"eAP,eSF",Agricolândia
EQUIPE ACAUA,190,348,10.92,Prevenção do Câncer,MAI/25,"eAP,eSF",Acauã
ESF - SEDE,217,472,9.19,Prevenção do Câncer,MAI/25,"eAP,eSF",Acauã
ESF - POSTO FISCAL DO SITIO,247,448,11.03,Prevenção do Câncer,MAI/25,"eAP,eSF",Acauã
ESF - ALTA VISTA,194,358,10.84,Prevenção do Câncer,MAI/25,"eAP,eSF",Acauã
PSF FRANCELINO BARBOSA LOPES,268,349,15.36,Prevenção do Câncer,MAI/25,"eAP,eSF",Água Branca
PSF MAE RAIMUNDA,394,479,16.45,Prevenção do Câncer,MAI/25,"eAP,eSF",Água Branca
PSF CHICO RAIMUNDO,265,425,12.47,Prevenção do Câncer,MAI/25,"eAP,eSF",Água Branca
PSF DONA BERNADETE BARBOSA,357,494,14.45,Prevenção do Câncer,MAI/25,"eAP,eSF",Água Branca
PSF ANTONIO C DE SIQUEIRA,362,522,13.87,Prevenção do Câncer,MAI/25,"eAP,eSF",Água Branca
PSF MANOEL N PEREIRA,327,332,19.7,Prevenção do Câncer,MAI/25,"eAP,eSF",Agricolândia
PSF PITOMBEIRA,290,292,19.86,Prevenção do Câncer,MAI/25,"eAP,eSF",Agricolândia
PSF MAE PEDA,668,674,19.82,Prevenção do Câncer,MAI/25,"eAP,eSF",Agricolândia
EQUIPE ACAUA,200,380,10.53,Prevenção do Câncer,JUN/25,"eAP,eSF",Acauã
ESF - SEDE,216,473,9.13,Prevenção do Câncer,JUN/25,"eAP,eSF",Acauã
ESF - POSTO FISCAL DO SITIO,241,484,9.96,Prevenção do Câncer,JUN/25,"eAP,eSF",Acauã
ESF - ALTA VISTA,199,365,10.9,Prevenção do Câncer,JUN/25,"eAP,eSF",Acauã
PSF FRANCELINO BARBOSA LOPES,266,347,15.33,Prevenção do Câncer,JUN/25,"eAP,eSF",Água Branca
PSF MAE RAIMUNDA,397,512,15.51,Prevenção do Câncer,JUN/25,"eAP,eSF",Água Branca
PSF CHICO RAIMUNDO,265,427,12.41,Prevenção do Câncer,JUN/25,"eAP,eSF",Água Branca
PSF DONA BERNADETE BARBOSA,355,494,14.37,Prevenção do Câncer,JUN/25,"eAP,eSF",Água Branca
PSF ANTONIO C DE SIQUEIRA,362,528,13.71,Prevenção do Câncer,JUN/25,"eAP,eSF",Água Branca
PSF MANOEL N PEREIRA,324,331,19.58,Prevenção do Câncer,JUN/25,"eAP,eSF",Agricolândia
PSF PITOMBEIRA,288,291,19.79,Prevenção do Câncer,JUN/25,"eAP,eSF",Agricolândia
PSF MAE PEDA,656,664,19.76,Prevenção do Câncer,JUN/25,"eAP,eSF",Agricolândia
EQUIPE ACAUA,49,66,"74,24",Mais Acesso,JAN/25,"eAP,eSF",Acauã
ESF - SEDE,224,270,"82,96",Mais Acesso,JAN/25,"eAP,eSF",Acauã
ESF - POSTO FISCAL DO SITIO,154,216,"71,30",Mais Acesso,JAN/25,"eAP,eSF",Acauã
ESF - ALTA VISTA,235,354,"66,38",Mais Acesso,JAN/25,"eAP,eSF",Acauã
PSF FRANCELINO BARBOSA LOPES,219,350,"62,57",Mais Acesso,JAN/25,"eAP,eSF",Água Branca
PSF MAE RAIMUNDA,245,323,"75,85",Mais Acesso,JAN/25,"eAP,eSF",Água Branca
PSF CHICO RAIMUNDO,552,644,"85,71",Mais Acesso,JAN/25,"eAP,eSF",Água Branca
PSF DONA BERNADETE BARBOSA,131,170,"77,06",Mais Acesso,JAN/25,"eAP,eSF",Água Branca
PSF ANTONIO C DE SIQUEIRA,488,759,"64,30",Mais Acesso,JAN/25,"eAP,eSF",Água Branca
PSF MANOEL N PEREIRA,72,402,"17,91",Mais Acesso,JAN/25,"eAP,eSF",Agricolândia
PSF PITOMBEIRA,12,553,"2,17",Mais Acesso,JAN/25,"eAP,eSF",Agricolândia
PSF MAE PEDA,98,1004,"9,76",Mais Acesso,JAN/25,"eAP,eSF",Agricolândia
EQUIPE ACAUA,3,223,"1,35",Mais Acesso,FEV/25,"eAP,eSF",Acauã
ESF - SEDE,2,260,"0,77",Mais Acesso,FEV/25,"eAP,eSF",Acauã
ESF - POSTO FISCAL DO SITIO,0,168,"0,00",Mais Acesso,FEV/25,"eAP,eSF",Acauã
ESF - ALTA VISTA,0,228,"0,00",Mais Acesso,FEV/25,"eAP,eSF",Acauã
PSF FRANCELINO BARBOSA LOPES,63,453,"13,91",Mais Acesso,FEV/25,"eAP,eSF",Água Branca
PSF MAE RAIMUNDA,0,563,"0,00",Mais Acesso,FEV/25,"eAP,eSF",Água Branca
PSF CHICO RAIMUNDO,218,645,"33,80",Mais Acesso,FEV/25,"eAP,eSF",Água Branca
PSF DONA BERNADETE BARBOSA,1,277,"0,36",Mais Acesso,FEV/25,"eAP,eSF",Água Branca
PSF ANTONIO C DE SIQUEIRA,429,720,"59,58",Mais Acesso,FEV/25,"eAP,eSF",Água Branca
PSF MANOEL N PEREIRA,0,31,"0,00",Mais Acesso,FEV/25,"eAP,eSF",Agricolândia
PSF PITOMBEIRA,13,37,"35,14",Mais Acesso,FEV/25,"eAP,eSF",Agricolândia
PSF MAE PEDA,26,166,"15,66",Mais Acesso,FEV/25,"eAP,eSF",Agricolândia
EQUIPE ACAUA,1,103,"0,97",Mais Acesso,MAR/25,"eAP,eSF",Acauã
ESF - SEDE,3,358,"0,84",Mais Acesso,MAR/25,"eAP,eSF",Acauã
ESF - POSTO FISCAL DO SITIO,1,242,"0,41",Mais Acesso,MAR/25,"eAP,eSF",Acauã
ESF - ALTA VISTA,18,423,"4,26",Mais Acesso,MAR/25,"eAP,eSF",Acauã
PSF III RURAL,53,148,"35,81",Mais Acesso,JAN/25,"eAP,eSF",Alagoinha do Piauí
URBANA,47,313,"15,02",Mais Acesso,JAN/25,"eAP,eSF",Alagoinha do Piauí
ESF - BARRA DO OLHO DAGUA,187,297,"62,96",Mais Acesso,JAN/25,"eAP,eSF",Alagoinha do Piauí
RURAL,46,291,"15,81",Mais Acesso,JAN/25,"eAP,eSF",Alagoinha do Piauí
USF BURITI SO,17,170,"10,00",Mais Acesso,JAN/25,"eAP,eSF",Alto Longá
USF CATARINA,146,343,"42,57",Mais Acesso,JAN/25,"eAP,eSF",Alto Longá
USF CHICO ANTONIO,100,228,"43,86",Mais Acesso,JAN/25,"eAP,eSF",Alto Longá
USF ANTONIO FERREIRA PACIFICO,422,668,"63,17",Mais Acesso,JAN/25,"eAP,eSF",Alto Longá
USF BOA VISTA,234,497,"47,08",Mais Acesso,JAN/25,"eAP,eSF",Alto Longá
ESF 3,28,58,"48,28",Mais Acesso,JAN/25,"eAP,eSF",Alegrete do Piauí
ESF 1,38,174,"21,84",Mais Acesso,JAN/25,"eAP,eSF",Alegrete do Piauí
ESF 2,16,127,"12,60",Mais Acesso,JAN/25,"eAP,eSF",Alegrete do Piauí
USF BURITI SO,0,70,"0,00",Mais Acesso,FEV/25,"eAP,eSF",Alto Longá
USF CATARINA,35,213,"16,43",Mais Acesso,FEV/25,"eAP,eSF",Alto Longá
USF CHICO ANTONIO,0,82,"0,00",Mais Acesso,FEV/25,"eAP,eSF",Alto Longá
USF ANTONIO FERREIRA PACIFICO,0,146,"0,00",Mais Acesso,FEV/25,"eAP,eSF",Alto Longá
USF BOA VISTA,0,98,"0,00",Mais Acesso,FEV/25,"eAP,eSF",Alto Longá
PSF III RURAL,0,41,"0,00",Mais Acesso,FEV/25,"eAP,eSF",Alagoinha do Piauí
URBANA,1,330,"0,30",Mais Acesso,FEV/25,"eAP,eSF",Alagoinha do Piauí
ESF - BARRA DO OLHO DAGUA,0,149,"0,00",Mais Acesso,FEV/25,"eAP,eSF",Alagoinha do Piauí
RURAL,0,150,"0,00",Mais Acesso,FEV/25,"eAP,eSF",Alagoinha do Piauí
ESF 3,0,307,"0,00",Mais Acesso,FEV/25,"eAP,eSF",Alegrete do Piauí
ESF 1,0,42,"0,00",Mais Acesso,FEV/25,"eAP,eSF",Alegrete do Piauí
ESF 2,0,53,"0,00",Mais Acesso,FEV/25,"eAP,eSF",Alegrete do Piauí
USF BURITI SO,0,145,"0,00",Mais Acesso,MAR/25,"eAP,eSF",Alto Longá
USF CATARINA,24,405,"5,93",Mais Acesso,MAR/25,"eAP,eSF",Alto Longá
USF CHICO ANTONIO,0,230,"0,00",Mais Acesso,MAR/25,"eAP,eSF",Alto Longá
USF ANTONIO FERREIRA PACIFICO,0,386,"0,00",Mais Acesso,MAR/25,"eAP,eSF",Alto Longá
USF BOA VISTA,0,97,"0,00",Mais Acesso,MAR/25,"eAP,eSF",Alto Longá
PSF III RURAL,0,96,"0,00",Mais Acesso,MAR/25,"eAP,eSF",Alagoinha do Piauí
URBANA,1,542,"0,18",Mais Acesso,MAR/25,"eAP,eSF",Alagoinha do Piauí
ESF - BARRA DO OLHO DAGUA,5,188,"2,66",Mais Acesso,MAR/25,"eAP,eSF",Alagoinha do Piauí
RURAL,0,247,"0,00",Mais Acesso,MAR/25,"eAP,eSF",Alagoinha do Piauí
ESF 3,29,314,"9,24",Mais Acesso,MAR/25,"eAP,eSF",Alegrete do Piauí
ESF 1,0,301,"0,00",Mais Acesso,MAR/25,"eAP,eSF",Alegrete do Piauí
ESF 2,0,117,"0,00",Mais Acesso,MAR/25,"eAP,eSF",Alegrete do Piauí
USF BURITI SO,0,171,"0,00",Mais Acesso,ABR/25,"eAP,eSF",Alto Longá
USF CATARINA,11,372,"2,96",Mais Acesso,ABR/25,"eAP,eSF",Alto Longá
USF CHICO ANTONIO,0,242,"0,00",Mais Acesso,ABR/25,"eAP,eSF",Alto Longá
USF ANTONIO FERREIRA PACIFICO,0,477,"0,00",Mais Acesso,ABR/25,"eAP,eSF",Alto Longá
USF BOA VISTA,0,586,"0,00",Mais Acesso,ABR/25,"eAP,eSF",Alto Longá
PSF III RURAL,1,162,"0,62",Mais Acesso,ABR/25,"eAP,eSF",Alagoinha do Piauí
URBANA,2,467,"0,43",Mais Acesso,ABR/25,"eAP,eSF",Alagoinha do Piauí
ESF - BARRA DO OLHO DAGUA,4,270,"1,48",Mais Acesso,ABR/25,"eAP,eSF",Alagoinha do Piauí
RURAL,0,214,"0,00",Mais Acesso,ABR/25,"eAP,eSF",Alagoinha do Piauí
ESF 3,0,295,"0,00",Mais Acesso,ABR/25,"eAP,eSF",Alegrete do Piauí
ESF 1,0,253,"0,00",Mais Acesso,ABR/25,"eAP,eSF",Alegrete do Piauí
ESF 2,0,108,"0,00",Mais Acesso,ABR/25,"eAP,eSF",Alegrete do Piauí
USF BURITI SO,0,220,"0,00",Mais Acesso,MAI/25,"eAP,eSF",Alto Longá
USF CATARINA,0,374,"0,00",Mais Acesso,MAI/25,"eAP,eSF",Alto Longá
USF CHICO ANTONIO,0,435,"0,00",Mais Acesso,MAI/25,"eAP,eSF",Alto Longá
USF ANTONIO FERREIRA PACIFICO,0,471,"0,00",Mais Acesso,MAI/25,"eAP,eSF",Alto Longá
USF BOA VISTA,0,653,"0,00",Mais Acesso,MAI/25,"eAP,eSF",Alto Longá
ESF 3,0,364,"0,00",Mais Acesso,MAI/25,"eAP,eSF",Alegrete do Piauí
ESF 1,2,181,"1,10",Mais Acesso,MAI/25,"eAP,eSF",Alegrete do Piauí
ESF 2,1,172,"0,58",Mais Acesso,MAI/25,"eAP,eSF",Alegrete do Piauí
PSF III RURAL,0,176,"0,00",Mais Acesso,MAI/25,"eAP,eSF",Alagoinha do Piauí
URBANA,1,405,"0,25",Mais Acesso,MAI/25,"eAP,eSF",Alagoinha do Piauí
ESF - BARRA DO OLHO DAGUA,3,215,"1,40",Mais Acesso,MAI/25,"eAP,eSF",Alagoinha do Piauí
RURAL,0,157,"0,00",Mais Acesso,MAI/25,"eAP,eSF",Alagoinha do Piauí
USF BURITI SO,0,210,"0,00",Mais Acesso,JUN/25,"eAP,eSF",Alto Longá
USF CATARINA,23,339,"6,78",Mais Acesso,JUN/25,"eAP,eSF",Alto Longá
USF CHICO ANTONIO,0,170,"0,00",Mais Acesso,JUN/25,"eAP,eSF",Alto Longá
USF ANTONIO FERREIRA PACIFICO,0,318,"0,00",Mais Acesso,JUN/25,"eAP,eSF",Alto Longá
USF BOA VISTA,0,352,"0,00",Mais Acesso,JUN/25,"eAP,eSF",Alto Longá
ESF 3,0,291,"0,00",Mais Acesso,JUN/25,"eAP,eSF",Alegrete do Piauí
ESF 1,0,262,"0,00",Mais Acesso,JUN/25,"eAP,eSF",Alegrete do Piauí
ESF 2,0,222,"0,00",Mais Acesso,JUN/25,"eAP,eSF",Alegrete do Piauí
PSF III RURAL,0,120,"0,00",Mais Acesso,JUN/25,"eAP,eSF",Alagoinha do Piauí
URBANA,5,522,"0,96",Mais Acesso,JUN/25,"eAP,eSF",Alagoinha do Piauí
ESF - BARRA DO OLHO DAGUA,0,219,"0,00",Mais Acesso,JUN/25,"eAP,eSF",Alagoinha do Piauí
RURAL,1,363,"0,28",Mais Acesso,JUN/25,"eAP,eSF",Alagoinha do Piauí
USF BURITI SO,17,258,"6,59",Mais Acesso,JUL/25,"eAP,eSF",Alto Longá
USF CATARINA,0,321,"0,00",Mais Acesso,JUL/25,"eAP,eSF",Alto Longá
USF CHICO ANTONIO,0,291,"0,00",Mais Acesso,JUL/25,"eAP,eSF",Alto Longá
USF ANTONIO FERREIRA PACIFICO,6,623,"0,96",Mais Acesso,JUL/25,"eAP,eSF",Alto Longá
USF BOA VISTA,0,461,"0,00",Mais Acesso,JUL/25,"eAP,eSF",Alto Longá
ESF 3,0,188,"0,00",Mais Acesso,JUL/25,"eAP,eSF",Alegrete do Piauí
ESF 1,0,225,"0,00",Mais Acesso,JUL/25,"eAP,eSF",Alegrete do Piauí
ESF 2,0,218,"0,00",Mais Acesso,JUL/25,"eAP,eSF",Alegrete do Piauí
PSF III RURAL,0,193,"0,00",Mais Acesso,JUL/25,"eAP,eSF",Alagoinha do Piauí
URBANA,0,233,"0,00",Mais Acesso,JUL/25,"eAP,eSF",Alagoinha do Piauí
ESF - BARRA DO OLHO DAGUA,64,196,"32,65",Mais Acesso,JUL/25,"eAP,eSF",Alagoinha do Piauí
RURAL,0,232,"0,00",Mais Acesso,JUL/25,"eAP,eSF",Alagoinha do Piauí
ESF 3,0,234,"0,00",Mais Acesso,AGO/25,"eAP,eSF",Alegrete do Piauí
ESF 1,4,99,"4,04",Mais Acesso,AGO/25,"eAP,eSF",Alegrete do Piauí
ESF 2,1,173,"0,58",Mais Acesso,AGO/25,"eAP,eSF",Alegrete do Piauí
PSF III RURAL,7,184,"3,80",Mais Acesso,AGO/25,"eAP,eSF",Alagoinha do Piauí
URBANA,15,666,"2,25",Mais Acesso,AGO/25,"eAP,eSF",Alagoinha do Piauí
ESF - BARRA DO OLHO DAGUA,166,476,"34,87",Mais Acesso,AGO/25,"eAP,eSF",Alagoinha do Piauí
RURAL,3,394,"0,76",Mais Acesso,AGO/25,"eAP,eSF",Alagoinha do Piauí
USF BURITI SO,0,263,"0,00",Mais Acesso,AGO/25,"eAP,eSF",Alto Longá
USF CATARINA,2,549,"0,36",Mais Acesso,AGO/25,"eAP,eSF",Alto Longá
USF CHICO ANTONIO,29,311,"9,32",Mais Acesso,AGO/25,"eAP,eSF",Alto Longá
USF ANTONIO FERREIRA PACIFICO,295,1052,"28,04",Mais Acesso,AGO/25,"eAP,eSF",Alto Longá
USF BOA VISTA,18,622,"2,89",Mais Acesso,AGO/25,"eAP,eSF",Alto Longá
ESF 3,0,284,"0,00",Mais Acesso,SET/25,"eAP,eSF",Alegrete do Piauí
ESF 1,0,195,"0,00",Mais Acesso,SET/25,"eAP,eSF",Alegrete do Piauí
ESF 2,1,211,"0,47",Mais Acesso,SET/25,"eAP,eSF",Alegrete do Piauí
PSF III RURAL,65,184,"35,33",Mais Acesso,SET/25,"eAP,eSF",Alagoinha do Piauí
URBANA,44,524,"8,40",Mais Acesso,SET/25,"eAP,eSF",Alagoinha do Piauí
ESF - BARRA DO OLHO DAGUA,99,410,"24,15",Mais Acesso,SET/25,"eAP,eSF",Alagoinha do Piauí
RURAL,14,283,"4,95",Mais Acesso,SET/25,"eAP,eSF",Alagoinha do Piauí
USF BURITI SO,103,173,"59,54",Mais Acesso,SET/25,"eAP,eSF",Alto Longá
USF CATARINA,11,554,"1,99",Mais Acesso,SET/25,"eAP,eSF",Alto Longá
USF CHICO ANTONIO,198,373,"53,08",Mais Acesso,SET/25,"eAP,eSF",Alto Longá
USF ANTONIO FERREIRA PACIFICO,352,758,"46,44",Mais Acesso,SET/25,"eAP,eSF",Alto Longá
USF BOA VISTA,203,923,"21,99",Mais Acesso,SET/25,"eAP,eSF",Alto Longá
ESF 3,0,236,"0,00",Mais Acesso,OUT/25,"eAP,eSF",Alegrete do Piauí
ESF 1,0,271,"0,00",Mais Acesso,OUT/25,"eAP,eSF",Alegrete do Piauí
ESF 2,0,171,"0,00",Mais Acesso,OUT/25,"eAP,eSF",Alegrete do Piauí
PSF III RURAL,46,163,"28,22",Mais Acesso,OUT/25,"eAP,eSF",Alagoinha do Piauí
URBANA,25,492,"5,08",Mais Acesso,OUT/25,"eAP,eSF",Alagoinha do Piauí
ESF - BARRA DO OLHO DAGUA,206,365,"56,44",Mais Acesso,OUT/25,"eAP,eSF",Alagoinha do Piauí
RURAL,1,178,"0,56",Mais Acesso,OUT/25,"eAP,eSF",Alagoinha do Piauí
USF BURITI SO,163,276,"59,06",Mais Acesso,OUT/25,"eAP,eSF",Alto Longá
USF CATARINA,95,420,"22,62",Mais Acesso,OUT/25,"eAP,eSF",Alto Longá
USF CHICO ANTONIO,88,252,"34,92",Mais Acesso,OUT/25,"eAP,eSF",Alto Longá
USF ANTONIO FERREIRA PACIFICO,567,1065,"53,24",Mais Acesso,OUT/25,"eAP,eSF",Alto Longá
USF BOA VISTA,311,538,"57,81",Mais Acesso,OUT/25,"eAP,eSF",Alto Longá
ESF 3,127,169,"75,15",Mais Acesso,NOV/25,"eAP,eSF",Alegrete do Piauí
ESF 1,87,281,"30,96",Mais Acesso,NOV/25,"eAP,eSF",Alegrete do Piauí
ESF 2,58,220,"26,36",Mais Acesso,NOV/25,"eAP,eSF",Alegrete do Piauí
PSF III RURAL,60,131,"45,80",Mais Acesso,NOV/25,"eAP,eSF",Alagoinha do Piauí
URBANA,10,480,"2,08",Mais Acesso,NOV/25,"eAP,eSF",Alagoinha do Piauí
ESF - BARRA DO OLHO DAGUA,237,460,"51,52",Mais Acesso,NOV/25,"eAP,eSF",Alagoinha do Piauí
RURAL,15,310,"4,84",Mais Acesso,NOV/25,"eAP,eSF",Alagoinha do Piauí
USF BURITI SO,113,188,"60,11",Mais Acesso,NOV/25,"eAP,eSF",Alto Longá
USF CATARINA,139,266,"52,26",Mais Acesso,NOV/25,"eAP,eSF",Alto Longá
USF CHICO ANTONIO,107,267,"40,07",Mais Acesso,NOV/25,"eAP,eSF",Alto Longá
USF ANTONIO FERREIRA PACIFICO,509,882,"57,71",Mais Acesso,NOV/25,"eAP,eSF",Alto Longá
USF BOA VISTA,354,557,"63,55",Mais Acesso,NOV/25,"eAP,eSF",Alto Longá
ESF 3,36,57,"63,16",Mais Acesso,DEZ/25,"eAP,eSF",Alegrete do Piauí
ESF 1,53,221,"23,98",Mais Acesso,DEZ/25,"eAP,eSF",Alegrete do Piauí
ESF 2,58,208,"27,88",Mais Acesso,DEZ/25,"eAP,eSF",Alegrete do Piauí
PSF III RURAL,69,156,"44,23",Mais Acesso,DEZ/25,"eAP,eSF",Alagoinha do Piauí
URBANA,19,248,"7,66",Mais Acesso,DEZ/25,"eAP,eSF",Alagoinha do Piauí
ESF - BARRA DO OLHO DAGUA,177,305,"58,03",Mais Acesso,DEZ/25,"eAP,eSF",Alagoinha do Piauí
RURAL,124,359,"34,54",Mais Acesso,DEZ/25,"eAP,eSF",Alagoinha do Piauí
USF BURITI SO,42,109,"38,53",Mais Acesso,DEZ/25,"eAP,eSF",Alto Longá
USF CATARINA,114,394,"28,93",Mais Acesso,DEZ/25,"eAP,eSF",Alto Longá
USF CHICO ANTONIO,78,198,"39,39",Mais Acesso,DEZ/25,"eAP,eSF",Alto Longá
USF ANTONIO FERREIRA PACIFICO,159,316,"50,32",Mais Acesso,DEZ/25,"eAP,eSF",Alto Longá
USF BOA VISTA,223,545,"40,92",Mais Acesso,DEZ/25,"eAP,eSF",Alto Longá
PSF III RURAL,4,8,6,Desenvolvimento Infantil,JAN/25,"eAP,eSF",Alagoinha do Piauí
URBANA,10,21,9,Desenvolvimento Infantil,JAN/25,"eAP,eSF",Alagoinha do Piauí
ESF - BARRA DO OLHO DAGUA,7,7,7,Desenvolvimento Infantil,JAN/25,"eAP,eSF",Alagoinha do Piauí
RURAL,2,6,5,Desenvolvimento Infantil,JAN/25,"eAP,eSF",Alagoinha do Piauí
ESF 3,7,15,15,Desenvolvimento Infantil,JAN/25,"eAP,eSF",Alegrete do Piauí
ESF 1,13,10,3,Desenvolvimento Infantil,JAN/25,"eAP,eSF",Alegrete do Piauí
ESF 2,11,10,10,Desenvolvimento Infantil,JAN/25,"eAP,eSF",Alegrete do Piauí
USF BURITI SO,0,0,5,Desenvolvimento Infantil,JAN/25,"eAP,eSF",Alto Longá
USF CATARINA,11,13,11,Desenvolvimento Infantil,JAN/25,"eAP,eSF",Alto Longá
USF CHICO ANTONIO,2,7,7,Desenvolvimento Infantil,JAN/25,"eAP,eSF",Alto Longá
USF ANTONIO FERREIRA PACIFICO,29,21,25,Desenvolvimento Infantil,JAN/25,"eAP,eSF",Alto Longá
USF BOA VISTA,10,9,6,Desenvolvimento Infantil,JAN/25,"eAP,eSF",Alto Longá
PSF III RURAL,2,3,3,Desenvolvimento Infantil,FEV/25,"eAP,eSF",Alagoinha do Piauí
URBANA,10,12,7,Desenvolvimento Infantil,FEV/25,"eAP,eSF",Alagoinha do Piauí
ESF - BARRA DO OLHO DAGUA,5,11,11,Desenvolvimento Infantil,FEV/25,"eAP,eSF",Alagoinha do Piauí
RURAL,0,4,4,Desenvolvimento Infantil,FEV/25,"eAP,eSF",Alagoinha do Piauí
ESF 3,9,18,16,Desenvolvimento Infantil,FEV/25,"eAP,eSF",Alegrete do Piauí
ESF 1,13,11,6,Desenvolvimento Infantil,FEV/25,"eAP,eSF",Alegrete do Piauí
ESF 2,7,17,9,Desenvolvimento Infantil,FEV/25,"eAP,eSF",Alegrete do Piauí
USF BURITI SO,1,2,3,Desenvolvimento Infantil,FEV/25,"eAP,eSF",Alto Longá
USF CATARINA,7,21,22,Desenvolvimento Infantil,FEV/25,"eAP,eSF",Alto Longá
USF CHICO ANTONIO,2,15,15,Desenvolvimento Infantil,FEV/25,"eAP,eSF",Alto Longá
USF ANTONIO FERREIRA PACIFICO,12,9,0,Desenvolvimento Infantil,FEV/25,"eAP,eSF",Alto Longá
USF BOA VISTA,3,1,1,Desenvolvimento Infantil,FEV/25,"eAP,eSF",Alto Longá
PSF III RURAL,2,3,2,Desenvolvimento Infantil,MAR/25,"eAP,eSF",Alagoinha do Piauí
URBANA,8,18,8,Desenvolvimento Infantil,MAR/25,"eAP,eSF",Alagoinha do Piauí
ESF - BARRA DO OLHO DAGUA,5,10,10,Desenvolvimento Infantil,MAR/25,"eAP,eSF",Alagoinha do Piauí
RURAL,0,4,4,Desenvolvimento Infantil,MAR/25,"eAP,eSF",Alagoinha do Piauí
ESF 3,11,19,18,Desenvolvimento Infantil,MAR/25,"eAP,eSF",Alegrete do Piauí
ESF 1,14,10,5,Desenvolvimento Infantil,MAR/25,"eAP,eSF",Alegrete do Piauí
ESF 2,6,16,11,Desenvolvimento Infantil,MAR/25,"eAP,eSF",Alegrete do Piauí
USF BURITI SO,0,1,2,Desenvolvimento Infantil,MAR/25,"eAP,eSF",Alto Longá
USF CATARINA,5,20,22,Desenvolvimento Infantil,MAR/25,"eAP,eSF",Alto Longá
USF CHICO ANTONIO,2,16,16,Desenvolvimento Infantil,MAR/25,"eAP,eSF",Alto Longá
USF ANTONIO FERREIRA PACIFICO,12,9,2,Desenvolvimento Infantil,MAR/25,"eAP,eSF",Alto Longá
USF BOA VISTA,3,1,1,Desenvolvimento Infantil,MAR/25,"eAP,eSF",Alto Longá
PSF III RURAL,2,3,2,Desenvolvimento Infantil,ABR/25,"eAP,eSF",Alagoinha do Piauí
URBANA,8,16,8,Desenvolvimento Infantil,ABR/25,"eAP,eSF",Alagoinha do Piauí
ESF - BARRA DO OLHO DAGUA,5,10,8,Desenvolvimento Infantil,ABR/25,"eAP,eSF",Alagoinha do Piauí
RURAL,0,5,4,Desenvolvimento Infantil,ABR/25,"eAP,eSF",Alagoinha do Piauí
ESF 3,9,20,19,Desenvolvimento Infantil,ABR/25,"eAP,eSF",Alegrete do Piauí
ESF 1,12,9,3,Desenvolvimento Infantil,ABR/25,"eAP,eSF",Alegrete do Piauí
ESF 2,6,16,12,Desenvolvimento Infantil,ABR/25,"eAP,eSF",Alegrete do Piauí
USF BURITI SO,0,0,1,Desenvolvimento Infantil,ABR/25,"eAP,eSF",Alto Longá
USF CATARINA,5,18,21,Desenvolvimento Infantil,ABR/25,"eAP,eSF",Alto Longá
USF CHICO ANTONIO,2,15,17,Desenvolvimento Infantil,ABR/25,"eAP,eSF",Alto Longá
USF ANTONIO FERREIRA PACIFICO,13,9,3,Desenvolvimento Infantil,ABR/25,"eAP,eSF",Alto Longá
USF BOA VISTA,5,1,1,Desenvolvimento Infantil,ABR/25,"eAP,eSF",Alto Longá
PSF III RURAL,2,3,2,Desenvolvimento Infantil,MAI/25,"eAP,eSF",Alagoinha do Piauí
URBANA,6,15,9,Desenvolvimento Infantil,MAI/25,"eAP,eSF",Alagoinha do Piauí
ESF - BARRA DO OLHO DAGUA,5,10,10,Desenvolvimento Infantil,MAI/25,"eAP,eSF",Alagoinha do Piauí
RURAL,0,5,5,Desenvolvimento Infantil,MAI/25,"eAP,eSF",Alagoinha do Piauí
ESF 3,9,22,20,Desenvolvimento Infantil,MAI/25,"eAP,eSF",Alegrete do Piauí
ESF 1,10,10,3,Desenvolvimento Infantil,MAI/25,"eAP,eSF",Alegrete do Piauí
ESF 2,6,14,12,Desenvolvimento Infantil,MAI/25,"eAP,eSF",Alegrete do Piauí
USF BURITI SO,0,0,1,Desenvolvimento Infantil,MAI/25,"eAP,eSF",Alto Longá
USF CATARINA,5,11,12,Desenvolvimento Infantil,MAI/25,"eAP,eSF",Alto Longá
USF CHICO ANTONIO,3,14,16,Desenvolvimento Infantil,MAI/25,"eAP,eSF",Alto Longá
USF ANTONIO FERREIRA PACIFICO,12,8,2,Desenvolvimento Infantil,MAI/25,"eAP,eSF",Alto Longá
USF BOA VISTA,5,2,1,Desenvolvimento Infantil,MAI/25,"eAP,eSF",Alto Longá
PSF III RURAL,2,4,2,Desenvolvimento Infantil,JUN/25,"eAP,eSF",Alagoinha do Piauí
URBANA,6,13,8,Desenvolvimento Infantil,JUN/25,"eAP,eSF",Alagoinha do Piauí
ESF - BARRA DO OLHO DAGUA,5,11,11,Desenvolvimento Infantil,JUN/25,"eAP,eSF",Alagoinha do Piauí
RURAL,0,6,6,Desenvolvimento Infantil,JUN/25,"eAP,eSF",Alagoinha do Piauí
ESF 3,9,21,20,Desenvolvimento Infantil,JUN/25,"eAP,eSF",Alegrete do Piauí
ESF 1,10,10,4,Desenvolvimento Infantil,JUN/25,"eAP,eSF",Alegrete do Piauí
ESF 2,8,12,10,Desenvolvimento Infantil,JUN/25,"eAP,eSF",Alegrete do Piauí
USF BURITI SO,0,0,0,Desenvolvimento Infantil,JUN/25,"eAP,eSF",Alto Longá
USF CATARINA,5,9,11,Desenvolvimento Infantil,JUN/25,"eAP,eSF",Alto Longá
USF CHICO ANTONIO,3,14,19,Desenvolvimento Infantil,JUN/25,"eAP,eSF",Alto Longá
USF ANTONIO FERREIRA PACIFICO,14,7,2,Desenvolvimento Infantil,JUN/25,"eAP,eSF",Alto Longá
USF BOA VISTA,6,2,0,Desenvolvimento Infantil,JUN/25,"eAP,eSF",Alto Longá
PSF III RURAL,2,5,4,Desenvolvimento Infantil,JUL/25,"eAP,eSF",Alagoinha do Piauí
URBANA,7,15,9,Desenvolvimento Infantil,JUL/25,"eAP,eSF",Alagoinha do Piauí
ESF - BARRA DO OLHO DAGUA,6,9,9,Desenvolvimento Infantil,JUL/25,"eAP,eSF",Alagoinha do Piauí
RURAL,0,6,6,Desenvolvimento Infantil,JUL/25,"eAP,eSF",Alagoinha do Piauí
ESF 3,10,17,17,Desenvolvimento Infantil,JUL/25,"eAP,eSF",Alegrete do Piauí
ESF 1,8,11,4,Desenvolvimento Infantil,JUL/25,"eAP,eSF",Alegrete do Piauí
ESF 2,8,11,11,Desenvolvimento Infantil,JUL/25,"eAP,eSF",Alegrete do Piauí
USF BURITI SO,0,0,0,Desenvolvimento Infantil,JUL/25,"eAP,eSF",Alto Longá
USF CATARINA,5,9,12,Desenvolvimento Infantil,JUL/25,"eAP,eSF",Alto Longá
USF CHICO ANTONIO,3,14,18,Desenvolvimento Infantil,JUL/25,"eAP,eSF",Alto Longá
USF ANTONIO FERREIRA PACIFICO,16,6,3,Desenvolvimento Infantil,JUL/25,"eAP,eSF",Alto Longá
USF BOA VISTA,6,1,0,Desenvolvimento Infantil,JUL/25,"eAP,eSF",Alto Longá
PSF III RURAL,2,5,3,Desenvolvimento Infantil,AGO/25,"eAP,eSF",Alagoinha do Piauí
URBANA,8,16,10,Desenvolvimento Infantil,AGO/25,"eAP,eSF",Alagoinha do Piauí
ESF - BARRA DO OLHO DAGUA,8,9,8,Desenvolvimento Infantil,AGO/25,"eAP,eSF",Alagoinha do Piauí
RURAL,0,5,6,Desenvolvimento Infantil,AGO/25,"eAP,eSF",Alagoinha do Piauí
ESF 3,10,14,13,Desenvolvimento Infantil,AGO/25,"eAP,eSF",Alegrete do Piauí
ESF 1,8,10,3,Desenvolvimento Infantil,AGO/25,"eAP,eSF",Alegrete do Piauí
ESF 2,8,11,11,Desenvolvimento Infantil,AGO/25,"eAP,eSF",Alegrete do Piauí
USF BURITI SO,0,0,1,Desenvolvimento Infantil,AGO/25,"eAP,eSF",Alto Longá
USF CATARINA,5,7,9,Desenvolvimento Infantil,AGO/25,"eAP,eSF",Alto Longá
USF CHICO ANTONIO,2,14,16,Desenvolvimento Infantil,AGO/25,"eAP,eSF",Alto Longá
USF ANTONIO FERREIRA PACIFICO,18,9,11,Desenvolvimento Infantil,AGO/25,"eAP,eSF",Alto Longá
USF BOA VISTA,8,4,1,Desenvolvimento Infantil,AGO/25,"eAP,eSF",Alto Longá
PSF III RURAL,2,5,3,Desenvolvimento Infantil,SET/25,"eAP,eSF",Alagoinha do Piauí
URBANA,7,15,9,Desenvolvimento Infantil,SET/25,"eAP,eSF",Alagoinha do Piauí
ESF - BARRA DO OLHO DAGUA,8,8,8,Desenvolvimento Infantil,SET/25,"eAP,eSF",Alagoinha do Piauí
RURAL,0,5,7,Desenvolvimento Infantil,SET/25,"eAP,eSF",Alagoinha do Piauí
ESF 3,9,14,15,Desenvolvimento Infantil,SET/25,"eAP,eSF",Alegrete do Piauí
ESF 1,7,9,4,Desenvolvimento Infantil,SET/25,"eAP,eSF",Alegrete do Piauí
ESF 2,10,10,11,Desenvolvimento Infantil,SET/25,"eAP,eSF",Alegrete do Piauí
USF BURITI SO,0,0,1,Desenvolvimento Infantil,SET/25,"eAP,eSF",Alto Longá
USF CATARINA,6,8,10,Desenvolvimento Infantil,SET/25,"eAP,eSF",Alto Longá
USF CHICO ANTONIO,1,13,13,Desenvolvimento Infantil,SET/25,"eAP,eSF",Alto Longá
USF ANTONIO FERREIRA PACIFICO,19,14,13,Desenvolvimento Infantil,SET/25,"eAP,eSF",Alto Longá
USF BOA VISTA,10,5,1,Desenvolvimento Infantil,SET/25,"eAP,eSF",Alto Longá
PSF III RURAL,3,6,3,Desenvolvimento Infantil,OUT/25,"eAP,eSF",Alagoinha do Piauí
URBANA,9,18,10,Desenvolvimento Infantil,OUT/25,"eAP,eSF",Alagoinha do Piauí
ESF - BARRA DO OLHO DAGUA,9,10,9,Desenvolvimento Infantil,OUT/25,"eAP,eSF",Alagoinha do Piauí
RURAL,1,6,7,Desenvolvimento Infantil,OUT/25,"eAP,eSF",Alagoinha do Piauí
ESF 3,9,17,18,Desenvolvimento Infantil,OUT/25,"eAP,eSF",Alegrete do Piauí
ESF 1,7,11,3,Desenvolvimento Infantil,OUT/25,"eAP,eSF",Alegrete do Piauí
ESF 2,10,10,12,Desenvolvimento Infantil,OUT/25,"eAP,eSF",Alegrete do Piauí
USF BURITI SO,0,0,1,Desenvolvimento Infantil,OUT/25,"eAP,eSF",Alto Longá
USF CATARINA,7,8,12,Desenvolvimento Infantil,OUT/25,"eAP,eSF",Alto Longá
USF CHICO ANTONIO,1,12,12,Desenvolvimento Infantil,OUT/25,"eAP,eSF",Alto Longá
USF ANTONIO FERREIRA PACIFICO,21,17,15,Desenvolvimento Infantil,OUT/25,"eAP,eSF",Alto Longá
USF BOA VISTA,10,9,5,Desenvolvimento Infantil,OUT/25,"eAP,eSF",Alto Longá
PSF III RURAL,3,6,4,Desenvolvimento Infantil,NOV/25,"eAP,eSF",Alagoinha do Piauí
URBANA,9,17,9,Desenvolvimento Infantil,NOV/25,"eAP,eSF",Alagoinha do Piauí
ESF - BARRA DO OLHO DAGUA,10,9,8,Desenvolvimento Infantil,NOV/25,"eAP,eSF",Alagoinha do Piauí
RURAL,1,6,7,Desenvolvimento Infantil,NOV/25,"eAP,eSF",Alagoinha do Piauí
ESF 3,8,17,17,Desenvolvimento Infantil,NOV/25,"eAP,eSF",Alegrete do Piauí
ESF 1,10,10,3,Desenvolvimento Infantil,NOV/25,"eAP,eSF",Alegrete do Piauí
ESF 2,12,10,10,Desenvolvimento Infantil,NOV/25,"eAP,eSF",Alegrete do Piauí
USF BURITI SO,0,0,3,Desenvolvimento Infantil,NOV/25,"eAP,eSF",Alto Longá
USF CATARINA,8,9,12,Desenvolvimento Infantil,NOV/25,"eAP,eSF",Alto Longá
USF CHICO ANTONIO,1,11,13,Desenvolvimento Infantil,NOV/25,"eAP,eSF",Alto Longá
USF ANTONIO FERREIRA PACIFICO,23,18,17,Desenvolvimento Infantil,NOV/25,"eAP,eSF",Alto Longá
USF BOA VISTA,9,8,7,Desenvolvimento Infantil,NOV/25,"eAP,eSF",Alto Longá
PSF III RURAL,4,8,5,Desenvolvimento Infantil,DEZ/25,"eAP,eSF",Alagoinha do Piauí
URBANA,11,18,10,Desenvolvimento Infantil,DEZ/25,"eAP,eSF",Alagoinha do Piauí
ESF - BARRA DO OLHO DAGUA,10,8,8,Desenvolvimento Infantil,DEZ/25,"eAP,eSF",Alagoinha do Piauí
RURAL,2,6,5,Desenvolvimento Infantil,DEZ/25,"eAP,eSF",Alagoinha do Piauí
ESF 3,8,15,16,Desenvolvimento Infantil,DEZ/25,"eAP,eSF",Alegrete do Piauí
ESF 1,10,9,4,Desenvolvimento Infantil,DEZ/25,"eAP,eSF",Alegrete do Piauí
ESF 2,12,11,11,Desenvolvimento Infantil,DEZ/25,"eAP,eSF",Alegrete do Piauí
USF BURITI SO,0,0,4,Desenvolvimento Infantil,DEZ/25,"eAP,eSF",Alto Longá
USF CATARINA,9,12,12,Desenvolvimento Infantil,DEZ/25,"eAP,eSF",Alto Longá
USF CHICO ANTONIO,2,8,9,Desenvolvimento Infantil,DEZ/25,"eAP,eSF",Alto Longá
USF ANTONIO FERREIRA PACIFICO,26,16,16,Desenvolvimento Infantil,DEZ/25,"eAP,eSF",Alto Longá
USF BOA VISTA,9,8,5,Desenvolvimento Infantil,DEZ/25,"eAP,eSF",Alto Longá
PSF III RURAL,4,2,3,Gestação e Puerpério,JAN/25,"eAP,eSF",Alagoinha do Piauí
URBANA,19,5,6,Gestação e Puerpério,JAN/25,"eAP,eSF",Alagoinha do Piauí
ESF - BARRA DO OLHO DAGUA,9,8,8,Gestação e Puerpério,JAN/25,"eAP,eSF",Alagoinha do Piauí
RURAL,8,3,6,Gestação e Puerpério,JAN/25,"eAP,eSF",Alagoinha do Piauí
ESF 3,8,1,2,Gestação e Puerpério,JAN/25,"eAP,eSF",Alegrete do Piauí
ESF 1,21,8,10,Gestação e Puerpério,JAN/25,"eAP,eSF",Alegrete do Piauí
ESF 2,8,4,3,Gestação e Puerpério,JAN/25,"eAP,eSF",Alegrete do Piauí
USF BURITI SO,4,3,3,Gestação e Puerpério,JAN/25,"eAP,eSF",Alto Longá
USF CATARINA,19,10,9,Gestação e Puerpério,JAN/25,"eAP,eSF",Alto Longá
USF CHICO ANTONIO,15,8,8,Gestação e Puerpério,JAN/25,"eAP,eSF",Alto Longá
USF ANTONIO FERREIRA PACIFICO,24,15,16,Gestação e Puerpério,JAN/25,"eAP,eSF",Alto Longá
USF BOA VISTA,16,6,5,Gestação e Puerpério,JAN/25,"eAP,eSF",Alto Longá
PSF III RURAL,6,2,4,Gestação e Puerpério,FEV/25,"eAP,eSF",Alagoinha do Piauí
URBANA,19,6,6,Gestação e Puerpério,FEV/25,"eAP,eSF",Alagoinha do Piauí
ESF - BARRA DO OLHO DAGUA,9,3,1,Gestação e Puerpério,FEV/25,"eAP,eSF",Alagoinha do Piauí
RURAL,6,4,4,Gestação e Puerpério,FEV/25,"eAP,eSF",Alagoinha do Piauí
ESF 3,8,3,5,Gestação e Puerpério,FEV/25,"eAP,eSF",Alegrete do Piauí
ESF 1,11,3,5,Gestação e Puerpério,FEV/25,"eAP,eSF",Alegrete do Piauí
ESF 2,6,1,1,Gestação e Puerpério,FEV/25,"eAP,eSF",Alegrete do Piauí
USF BURITI SO,5,1,0,Gestação e Puerpério,FEV/25,"eAP,eSF",Alto Longá
USF CATARINA,27,12,15,Gestação e Puerpério,FEV/25,"eAP,eSF",Alto Longá
USF CHICO ANTONIO,8,2,2,Gestação e Puerpério,FEV/25,"eAP,eSF",Alto Longá
USF ANTONIO FERREIRA PACIFICO,15,6,5,Gestação e Puerpério,FEV/25,"eAP,eSF",Alto Longá
USF BOA VISTA,12,3,5,Gestação e Puerpério,FEV/25,"eAP,eSF",Alto Longá
PSF III RURAL,7,3,5,Gestação e Puerpério,MAR/25,"eAP,eSF",Alagoinha do Piauí
URBANA,18,4,6,Gestação e Puerpério,MAR/25,"eAP,eSF",Alagoinha do Piauí
ESF - BARRA DO OLHO DAGUA,10,3,1,Gestação e Puerpério,MAR/25,"eAP,eSF",Alagoinha do Piauí
RURAL,5,4,4,Gestação e Puerpério,MAR/25,"eAP,eSF",Alagoinha do Piauí
ESF 3,8,3,6,Gestação e Puerpério,MAR/25,"eAP,eSF",Alegrete do Piauí
ESF 1,12,4,5,Gestação e Puerpério,MAR/25,"eAP,eSF",Alegrete do Piauí
ESF 2,5,0,3,Gestação e Puerpério,MAR/25,"eAP,eSF",Alegrete do Piauí
USF BURITI SO,5,1,1,Gestação e Puerpério,MAR/25,"eAP,eSF",Alto Longá
USF CATARINA,23,7,13,Gestação e Puerpério,MAR/25,"eAP,eSF",Alto Longá
USF CHICO ANTONIO,8,2,2,Gestação e Puerpério,MAR/25,"eAP,eSF",Alto Longá
USF ANTONIO FERREIRA PACIFICO,16,3,4,Gestação e Puerpério,MAR/25,"eAP,eSF",Alto Longá
USF BOA VISTA,12,5,6,Gestação e Puerpério,MAR/25,"eAP,eSF",Alto Longá
PSF III RURAL,8,4,6,Gestação e Puerpério,ABR/25,"eAP,eSF",Alagoinha do Piauí
URBANA,22,5,8,Gestação e Puerpério,ABR/25,"eAP,eSF",Alagoinha do Piauí
ESF - BARRA DO OLHO DAGUA,8,1,1,Gestação e Puerpério,ABR/25,"eAP,eSF",Alagoinha do Piauí
RURAL,5,3,3,Gestação e Puerpério,ABR/25,"eAP,eSF",Alagoinha do Piauí
ESF 3,8,6,6,Gestação e Puerpério,ABR/25,"eAP,eSF",Alegrete do Piauí
ESF 1,15,4,7,Gestação e Puerpério,ABR/25,"eAP,eSF",Alegrete do Piauí
ESF 2,8,3,4,Gestação e Puerpério,ABR/25,"eAP,eSF",Alegrete do Piauí
USF BURITI SO,5,1,2,Gestação e Puerpério,ABR/25,"eAP,eSF",Alto Longá
USF CATARINA,21,7,11,Gestação e Puerpério,ABR/25,"eAP,eSF",Alto Longá
USF CHICO ANTONIO,8,2,2,Gestação e Puerpério,ABR/25,"eAP,eSF",Alto Longá
USF ANTONIO FERREIRA PACIFICO,18,5,6,Gestação e Puerpério,ABR/25,"eAP,eSF",Alto Longá
USF BOA VISTA,12,5,6,Gestação e Puerpério,ABR/25,"eAP,eSF",Alto Longá
PSF III RURAL,10,4,7,Gestação e Puerpério,MAI/25,"eAP,eSF",Alagoinha do Piauí
URBANA,21,4,7,Gestação e Puerpério,MAI/25,"eAP,eSF",Alagoinha do Piauí
ESF - BARRA DO OLHO DAGUA,8,2,1,Gestação e Puerpério,MAI/25,"eAP,eSF",Alagoinha do Piauí
RURAL,4,1,1,Gestação e Puerpério,MAI/25,"eAP,eSF",Alagoinha do Piauí
ESF 3,8,5,6,Gestação e Puerpério,MAI/25,"eAP,eSF",Alegrete do Piauí
ESF 1,16,3,7,Gestação e Puerpério,MAI/25,"eAP,eSF",Alegrete do Piauí
ESF 2,9,3,4,Gestação e Puerpério,MAI/25,"eAP,eSF",Alegrete do Piauí
USF BURITI SO,6,2,3,Gestação e Puerpério,MAI/25,"eAP,eSF",Alto Longá
USF CATARINA,19,6,9,Gestação e Puerpério,MAI/25,"eAP,eSF",Alto Longá
USF CHICO ANTONIO,12,5,4,Gestação e Puerpério,MAI/25,"eAP,eSF",Alto Longá
USF ANTONIO FERREIRA PACIFICO,19,6,8,Gestação e Puerpério,MAI/25,"eAP,eSF",Alto Longá
USF BOA VISTA,12,3,4,Gestação e Puerpério,MAI/25,"eAP,eSF",Alto Longá
PSF III RURAL,8,3,6,Gestação e Puerpério,JUN/25,"eAP,eSF",Alagoinha do Piauí
URBANA,22,6,12,Gestação e Puerpério,JUN/25,"eAP,eSF",Alagoinha do Piauí
ESF - BARRA DO OLHO DAGUA,6,2,3,Gestação e Puerpério,JUN/25,"eAP,eSF",Alagoinha do Piauí
RURAL,4,0,0,Gestação e Puerpério,JUN/25,"eAP,eSF",Alagoinha do Piauí
ESF 3,7,6,7,Gestação e Puerpério,JUN/25,"eAP,eSF",Alegrete do Piauí
ESF 1,12,1,4,Gestação e Puerpério,JUN/25,"eAP,eSF",Alegrete do Piauí
ESF 2,11,3,5,Gestação e Puerpério,JUN/25,"eAP,eSF",Alegrete do Piauí
USF BURITI SO,7,2,3,Gestação e Puerpério,JUN/25,"eAP,eSF",Alto Longá
USF CATARINA,17,7,6,Gestação e Puerpério,JUN/25,"eAP,eSF",Alto Longá
USF CHICO ANTONIO,15,6,5,Gestação e Puerpério,JUN/25,"eAP,eSF",Alto Longá
USF ANTONIO FERREIRA PACIFICO,21,8,7,Gestação e Puerpério,JUN/25,"eAP,eSF",Alto Longá
USF BOA VISTA,9,2,1,Gestação e Puerpério,JUN/25,"eAP,eSF",Alto Longá
PSF III RURAL,8,4,7,Gestação e Puerpério,JUL/25,"eAP,eSF",Alagoinha do Piauí
URBANA,20,6,13,Gestação e Puerpério,JUL/25,"eAP,eSF",Alagoinha do Piauí
ESF - BARRA DO OLHO DAGUA,5,4,4,Gestação e Puerpério,JUL/25,"eAP,eSF",Alagoinha do Piauí
RURAL,5,1,1,Gestação e Puerpério,JUL/25,"eAP,eSF",Alagoinha do Piauí
ESF 3,6,6,6,Gestação e Puerpério,JUL/25,"eAP,eSF",Alegrete do Piauí
ESF 1,15,2,4,Gestação e Puerpério,JUL/25,"eAP,eSF",Alegrete do Piauí
ESF 2,11,5,6,Gestação e Puerpério,JUL/25,"eAP,eSF",Alegrete do Piauí
USF BURITI SO,7,2,3,Gestação e Puerpério,JUL/25,"eAP,eSF",Alto Longá
USF CATARINA,16,7,5,Gestação e Puerpério,JUL/25,"eAP,eSF",Alto Longá
USF CHICO ANTONIO,12,7,5,Gestação e Puerpério,JUL/25,"eAP,eSF",Alto Longá
USF ANTONIO FERREIRA PACIFICO,20,9,9,Gestação e Puerpério,JUL/25,"eAP,eSF",Alto Longá
USF BOA VISTA,11,5,4,Gestação e Puerpério,JUL/25,"eAP,eSF",Alto Longá
PSF III RURAL,7,3,6,Gestação e Puerpério,AGO/25,"eAP,eSF",Alagoinha do Piauí
URBANA,21,8,11,Gestação e Puerpério,AGO/25,"eAP,eSF",Alagoinha do Piauí
ESF - BARRA DO OLHO DAGUA,10,4,4,Gestação e Puerpério,AGO/25,"eAP,eSF",Alagoinha do Piauí
RURAL,6,1,1,Gestação e Puerpério,AGO/25,"eAP,eSF",Alagoinha do Piauí
ESF 3,5,5,5,Gestação e Puerpério,AGO/25,"eAP,eSF",Alegrete do Piauí
ESF 1,13,2,3,Gestação e Puerpério,AGO/25,"eAP,eSF",Alegrete do Piauí
ESF 2,11,6,6,Gestação e Puerpério,AGO/25,"eAP,eSF",Alegrete do Piauí
USF BURITI SO,6,1,3,Gestação e Puerpério,AGO/25,"eAP,eSF",Alto Longá
USF CATARINA,17,9,4,Gestação e Puerpério,AGO/25,"eAP,eSF",Alto Longá
USF CHICO ANTONIO,14,8,7,Gestação e Puerpério,AGO/25,"eAP,eSF",Alto Longá
USF ANTONIO FERREIRA PACIFICO,19,16,12,Gestação e Puerpério,AGO/25,"eAP,eSF",Alto Longá
USF BOA VISTA,10,6,5,Gestação e Puerpério,AGO/25,"eAP,eSF",Alto Longá
PSF III RURAL,5,3,5,Gestação e Puerpério,SET/25,"eAP,eSF",Alagoinha do Piauí
URBANA,20,9,11,Gestação e Puerpério,SET/25,"eAP,eSF",Alagoinha do Piauí
ESF - BARRA DO OLHO DAGUA,10,4,5,Gestação e Puerpério,SET/25,"eAP,eSF",Alagoinha do Piauí
RURAL,7,4,3,Gestação e Puerpério,SET/25,"eAP,eSF",Alagoinha do Piauí
ESF 3,8,5,5,Gestação e Puerpério,SET/25,"eAP,eSF",Alegrete do Piauí
ESF 1,16,2,4,Gestação e Puerpério,SET/25,"eAP,eSF",Alegrete do Piauí
ESF 2,12,6,6,Gestação e Puerpério,SET/25,"eAP,eSF",Alegrete do Piauí
USF BURITI SO,5,2,3,Gestação e Puerpério,SET/25,"eAP,eSF",Alto Longá
USF CATARINA,16,8,3,Gestação e Puerpério,SET/25,"eAP,eSF",Alto Longá
USF CHICO ANTONIO,14,10,9,Gestação e Puerpério,SET/25,"eAP,eSF",Alto Longá
USF ANTONIO FERREIRA PACIFICO,22,19,18,Gestação e Puerpério,SET/25,"eAP,eSF",Alto Longá
USF BOA VISTA,13,6,4,Gestação e Puerpério,SET/25,"eAP,eSF",Alto Longá
PSF III RURAL,5,5,6,Gestação e Puerpério,OUT/25,"eAP,eSF",Alagoinha do Piauí
URBANA,17,8,9,Gestação e Puerpério,OUT/25,"eAP,eSF",Alagoinha do Piauí
ESF - BARRA DO OLHO DAGUA,10,3,4,Gestação e Puerpério,OUT/25,"eAP,eSF",Alagoinha do Piauí
RURAL,8,4,4,Gestação e Puerpério,OUT/25,"eAP,eSF",Alagoinha do Piauí
ESF 3,7,5,5,Gestação e Puerpério,OUT/25,"eAP,eSF",Alegrete do Piauí
ESF 1,19,4,6,Gestação e Puerpério,OUT/25,"eAP,eSF",Alegrete do Piauí
ESF 2,10,4,4,Gestação e Puerpério,OUT/25,"eAP,eSF",Alegrete do Piauí
USF BURITI SO,4,2,2,Gestação e Puerpério,OUT/25,"eAP,eSF",Alto Longá
USF CATARINA,17,8,6,Gestação e Puerpério,OUT/25,"eAP,eSF",Alto Longá
USF CHICO ANTONIO,15,11,10,Gestação e Puerpério,OUT/25,"eAP,eSF",Alto Longá
USF ANTONIO FERREIRA PACIFICO,23,19,17,Gestação e Puerpério,OUT/25,"eAP,eSF",Alto Longá
USF BOA VISTA,14,5,5,Gestação e Puerpério,OUT/25,"eAP,eSF",Alto Longá
PSF III RURAL,6,5,6,Gestação e Puerpério,NOV/25,"eAP,eSF",Alagoinha do Piauí
URBANA,20,8,9,Gestação e Puerpério,NOV/25,"eAP,eSF",Alagoinha do Piauí
ESF - BARRA DO OLHO DAGUA,12,3,5,Gestação e Puerpério,NOV/25,"eAP,eSF",Alagoinha do Piauí
RURAL,9,4,5,Gestação e Puerpério,NOV/25,"eAP,eSF",Alagoinha do Piauí
ESF 3,6,2,2,Gestação e Puerpério,NOV/25,"eAP,eSF",Alegrete do Piauí
ESF 1,20,5,7,Gestação e Puerpério,NOV/25,"eAP,eSF",Alegrete do Piauí
ESF 2,10,5,5,Gestação e Puerpério,NOV/25,"eAP,eSF",Alegrete do Piauí
USF BURITI SO,4,2,2,Gestação e Puerpério,NOV/25,"eAP,eSF",Alto Longá
USF CATARINA,20,8,7,Gestação e Puerpério,NOV/25,"eAP,eSF",Alto Longá
USF CHICO ANTONIO,15,11,10,Gestação e Puerpério,NOV/25,"eAP,eSF",Alto Longá
USF ANTONIO FERREIRA PACIFICO,22,15,15,Gestação e Puerpério,NOV/25,"eAP,eSF",Alto Longá
USF BOA VISTA,13,5,4,Gestação e Puerpério,NOV/25,"eAP,eSF",Alto Longá
PSF III RURAL,5,2,3,Gestação e Puerpério,DEZ/25,"eAP,eSF",Alagoinha do Piauí
URBANA,18,7,7,Gestação e Puerpério,DEZ/25,"eAP,eSF",Alagoinha do Piauí
ESF - BARRA DO OLHO DAGUA,10,4,5,Gestação e Puerpério,DEZ/25,"eAP,eSF",Alagoinha do Piauí
RURAL,9,2,5,Gestação e Puerpério,DEZ/25,"eAP,eSF",Alagoinha do Piauí
ESF 3,6,1,1,Gestação e Puerpério,DEZ/25,"eAP,eSF",Alegrete do Piauí
ESF 1,19,6,8,Gestação e Puerpério,DEZ/25,"eAP,eSF",Alegrete do Piauí
ESF 2,10,5,4,Gestação e Puerpério,DEZ/25,"eAP,eSF",Alegrete do Piauí
USF BURITI SO,4,2,3,Gestação e Puerpério,DEZ/25,"eAP,eSF",Alto Longá
USF CATARINA,21,11,9,Gestação e Puerpério,DEZ/25,"eAP,eSF",Alto Longá
USF CHICO ANTONIO,16,10,9,Gestação e Puerpério,DEZ/25,"eAP,eSF",Alto Longá
USF ANTONIO FERREIRA PACIFICO,23,13,13,Gestação e Puerpério,DEZ/25,"eAP,eSF",Alto Longá
USF BOA VISTA,12,5,4,Gestação e Puerpério,DEZ/25,"eAP,eSF",Alto Longá
PSF III RURAL,64,61,61,Diabetes,JAN/25,"eAP,eSF",Alagoinha do Piauí
URBANA,157,155,145,Diabetes,JAN/25,"eAP,eSF",Alagoinha do Piauí
ESF - BARRA DO OLHO DAGUA,78,77,78,Diabetes,JAN/25,"eAP,eSF",Alagoinha do Piauí
RURAL,123,119,126,Diabetes,JAN/25,"eAP,eSF",Alagoinha do Piauí
ESF 3,110,107,128,Diabetes,JAN/25,"eAP,eSF",Alegrete do Piauí
ESF 1,105,107,98,Diabetes,JAN/25,"eAP,eSF",Alegrete do Piauí
ESF 2,70,66,67,Diabetes,JAN/25,"eAP,eSF",Alegrete do Piauí
USF BURITI SO,51,50,48,Diabetes,JAN/25,"eAP,eSF",Alto Longá
USF CATARINA,219,191,184,Diabetes,JAN/25,"eAP,eSF",Alto Longá
USF CHICO ANTONIO,65,59,9,Diabetes,JAN/25,"eAP,eSF",Alto Longá
USF ANTONIO FERREIRA PACIFICO,277,276,277,Diabetes,JAN/25,"eAP,eSF",Alto Longá
USF BOA VISTA,161,158,159,Diabetes,JAN/25,"eAP,eSF",Alto Longá
PSF III RURAL,45,47,46,Diabetes,FEV/25,"eAP,eSF",Alagoinha do Piauí
URBANA,112,104,17,Diabetes,FEV/25,"eAP,eSF",Alagoinha do Piauí
ESF - BARRA DO OLHO DAGUA,33,24,29,Diabetes,FEV/25,"eAP,eSF",Alagoinha do Piauí
RURAL,78,78,107,Diabetes,FEV/25,"eAP,eSF",Alagoinha do Piauí
ESF 3,58,59,60,Diabetes,FEV/25,"eAP,eSF",Alegrete do Piauí
ESF 1,81,71,42,Diabetes,FEV/25,"eAP,eSF",Alegrete do Piauí
ESF 2,25,21,20,Diabetes,FEV/25,"eAP,eSF",Alegrete do Piauí
USF BURITI SO,30,30,33,Diabetes,FEV/25,"eAP,eSF",Alto Longá
USF CATARINA,135,137,154,Diabetes,FEV/25,"eAP,eSF",Alto Longá
USF CHICO ANTONIO,36,35,2,Diabetes,FEV/25,"eAP,eSF",Alto Longá
USF ANTONIO FERREIRA PACIFICO,105,89,25,Diabetes,FEV/25,"eAP,eSF",Alto Longá
USF BOA VISTA,60,50,8,Diabetes,FEV/25,"eAP,eSF",Alto Longá
PSF III RURAL,46,51,47,Diabetes,MAR/25,"eAP,eSF",Alagoinha do Piauí
URBANA,118,115,19,Diabetes,MAR/25,"eAP,eSF",Alagoinha do Piauí
ESF - BARRA DO OLHO DAGUA,38,24,27,Diabetes,MAR/25,"eAP,eSF",Alagoinha do Piauí
RURAL,83,72,107,Diabetes,MAR/25,"eAP,eSF",Alagoinha do Piauí
ESF 3,60,62,63,Diabetes,MAR/25,"eAP,eSF",Alegrete do Piauí
ESF 1,82,68,48,Diabetes,MAR/25,"eAP,eSF",Alegrete do Piauí
ESF 2,27,25,23,Diabetes,MAR/25,"eAP,eSF",Alegrete do Piauí
USF BURITI SO,39,39,41,Diabetes,MAR/25,"eAP,eSF",Alto Longá
USF CATARINA,139,134,146,Diabetes,MAR/25,"eAP,eSF",Alto Longá
USF CHICO ANTONIO,38,36,2,Diabetes,MAR/25,"eAP,eSF",Alto Longá
USF ANTONIO FERREIRA PACIFICO,119,115,30,Diabetes,MAR/25,"eAP,eSF",Alto Longá
USF BOA VISTA,57,44,11,Diabetes,MAR/25,"eAP,eSF",Alto Longá
